CREATE TABLE MEMBER (

    ID INT PRIMARY KEY AUTO_INCREMENT,
                       NICKNAME VARCHAR(50) NOT NULL,
                       EMAIL VARCHAR(100) NOT NULL,
                       PASSWORD VARCHAR(100) NOT NULL ,
                       AUTHORITY VARCHAR(20) ,
                       REGISTRATION_DATE TIMESTAMP DEFAULT CURRENT_TIMESTAMP,
                       LAST_LOGIN TIMESTAMP,
                       IS_ACTIVE BOOLEAN DEFAULT TRUE
);

COMMIT;

CREATE TABLE GAME (
                               ROUND INT AUTO_INCREMENT PRIMARY KEY,
                               BALL_NUM1 INT NOT NULL,
                               BALL_NUM2 INT NOT NULL,
                               BALL_NUM3 INT NOT NULL,
                               BALL_NUM4 INT NOT NULL,
                               BALL_NUM5 INT NOT NULL,
                               BALL_NUM6 INT NOT NULL,
                               BONUS_NUM INT NOT NULL,
                               YYYY VARCHAR(4),
                               DRW_NO_DATE VARCHAR(10),
                               FIRST_ACCUMAMNT BIGINT,
                               FIRST_PRZWNER_CO INT,
                               SECOND_ACCUMAMNT INT,
                               SECOND_PRZWNER_CO INT,
                               THIRD_ACCUMAMNT INT,
                               THIRD_PRZWNER_CO INT,
                               FOURTH_ACCUMAMNT INT,
                               FOURTH_PRZWNER_CO INT,
                               FIFTH_ACCUMAMNT INT,
                               FIFTH_PRZWNER_CO INT,
                               ETC VARCHAR(50)
);

COMMIT;

INSERT INTO GAME (ROUND, BALL_NUM1, BALL_NUM2, BALL_NUM3, BALL_NUM4, BALL_NUM5, BALL_NUM6, BONUS_NUM, YYYY, DRW_NO_DATE, FIRST_ACCUMAMNT, FIRST_PRZWNER_CO, SECOND_ACCUMAMNT, SECOND_PRZWNER_CO, THIRD_ACCUMAMNT, THIRD_PRZWNER_CO, FOURTH_ACCUMAMNT, FOURTH_PRZWNER_CO, FIFTH_ACCUMAMNT, FIFTH_PRZWNER_CO, ETC)
VALUES
    (1, 5, 12, 18, 22, 30, 42, 7, '2023', '2023-09-01', 2000000000, 5 , 10000000, 50, 500000, 100, 50000, 1000, 5000, 200, 'SAMPLE DATA 1'),
    (2, 8, 15, 19, 25, 32, 48, 3, '2023', '2023-08-30', 1500000000, 3 , 8000000 , 40, 400000, 80 , 50000, 800 , 5000, 150, 'SAMPLE DATA 2'),
    (3, 2,  9, 14, 27, 35, 44, 6, '2023', '2023-08-25', 1800000000, 7 , 9000000 , 60, 600000, 120, 50000, 900 , 5000, 180, 'SAMPLE DATA 3'),
    (4, 10,17, 20, 29, 37, 45, 1, '2023', '2023-08-23', 2200000000, 10, 11000000, 80, 800000, 160, 50000, 1100, 5000, 220, 'SAMPLE DATA 4'),
    (5, 4, 11, 16, 26, 34, 47, 2, '2023', '2023-08-20', 1900000000, 6 , 9500000 , 70, 700000, 140, 50000, 950 , 5000, 190, 'SAMPLE DATA 5'),
    (6, 7, 13, 21, 28, 36, 46, 9, '2023', '2023-08-18', 2100000000, 9 , 10500000, 75, 750000, 150, 50000, 1050, 5000, 210, 'SAMPLE DATA 6'),
    (7,  3, 14, 19, 30, 38, 41, 4, '2023', '2023-08-16', 1700000000, 4 , 8500000 , 45, 450000, 90 , 50000, 850 , 5000, 170, 'SAMPLE DATA 7'),
    (8,  6, 12, 22, 31, 39, 49, 5, '2023', '2023-08-13', 2300000000, 12, 12000000, 90, 900000, 180, 50000, 1200, 5000, 230, 'SAMPLE DATA 8'),
    (9,  1, 10, 17, 24, 33, 40, 8, '2023', '2023-08-11', 1600000000, 2 , 8000000 , 35, 350000, 70 , 50000, 800 , 5000, 160, 'SAMPLE DATA 9'),
    (10, 9, 16, 20, 28, 35, 43, 7, '2023', '2023-08-09', 2000000000, 8 , 10000000, 55, 550000, 110, 50000, 1000, 5000, 200, 'SAMPLE DATA 10'),
    (11, 5, 13, 18, 26, 34, 42, 3, '2023', '2023-08-06', 1900000000, 6 , 9500000 , 45, 450000, 90 , 50000, 950 , 5000, 190, 'SAMPLE DATA 11'),
    (12, 8, 15, 21, 29, 37, 44, 2, '2023', '2023-08-04', 2100000000, 9 , 10500000, 70, 700000, 140, 50000, 1050, 5000, 210, 'SAMPLE DATA 12'),
    (13, 2, 11, 16, 27, 36, 46, 1, '2023', '2023-08-02', 2300000000, 12, 12000000, 80, 800000, 160, 50000, 1200, 5000, 230, 'SAMPLE DATA 13'),
    (14, 10,12, 19, 25, 32, 48, 6, '2023', '2023-07-30', 1500000000, 3 , 8000000 , 40, 400000, 80 , 50000, 800 , 5000, 150, 'SAMPLE DATA 14'),
    (15, 4, 14, 20, 30, 38, 45, 5, '2023', '2023-07-28', 2200000000, 10, 11000000, 50, 500000, 100, 50000, 1100, 5000, 220, 'SAMPLE DATA 15'),
    (16, 7, 17, 22, 31, 39, 41, 8, '2023', '2023-07-25', 1600000000, 2 , 8000000 , 60, 600000, 120, 50000, 600 , 5000, 160, 'SAMPLE DATA 16'),
    (17, 3, 13, 18, 24, 33, 47, 4, '2023', '2023-07-23', 1800000000, 7 , 9000000 , 75, 750000, 150, 50000, 900 , 5000, 180, 'SAMPLE DATA 17'),
    (18, 8, 12, 17, 24, 31, 49, 5, '2023', '2023-07-18', 2000000000, 8 , 10000000, 55, 550000, 110, 50000, 550 , 5000, 200, 'SAMPLE DATA 18'),
    (19, 1, 13, 19, 26, 35, 42, 2, '2023', '2023-07-16', 1700000000, 5 , 8500000 , 45, 450000, 90 , 50000, 850 , 5000, 170, 'SAMPLE DATA 19'),
    (20, 9, 16, 20, 28, 36, 44, 7, '2023', '2023-07-13', 2200000000, 10, 11000000, 70, 700000, 140, 50000, 1100, 5000, 220, 'SAMPLE DATA 20'),
    (21, 3,  9, 15, 21, 27, 33, 6, '2023', '2023-07-10', 1800000000, 7 , 9000000 , 60, 600000, 120, 50000, 700 , 5000, 180, 'SAMPLE DATA 21');

COMMIT;

CREATE TABLE MY_GAME (
                         MY_GAME_ID INT AUTO_INCREMENT PRIMARY KEY,
                         EMAIL VARCHAR(100) ,
                         ROUND INT,
                         FIRST_GAME_GRADE INT,
                         SECOND_GAME_GRADE INT,
                         THIRD_GAME_GRADE INT,
                         FOURTH_GAME_GRADE INT,
                         FIFTH_GAME_GRADE INT,
                         TOTAL_WINNINGS LONG DEFAULT 0,
                         DRW_NO_DATE VARCHAR(10) DEFAULT TO_CHAR(NOW(),'YYYY-MM-DD')
);

CREATE INDEX IDX_MY_GAME_01 ON MY_GAME (EMAIL);
CREATE INDEX IDX_MY_GAME_02 ON MY_GAME (ROUND);

COMMIT;

-- 1번 데이터 삽입
INSERT INTO MY_GAME (EMAIL, ROUND, FIRST_GAME_GRADE, SECOND_GAME_GRADE, THIRD_GAME_GRADE, FOURTH_GAME_GRADE, FIFTH_GAME_GRADE, TOTAL_WINNINGS, DRW_NO_DATE)
VALUES ('dlckd125@nate.com', 1, 5, 10, 15, 20, 25, 50000, '2023-09-10');

INSERT INTO MY_GAME (EMAIL, ROUND, FIRST_GAME_GRADE, SECOND_GAME_GRADE, THIRD_GAME_GRADE, FOURTH_GAME_GRADE, FIFTH_GAME_GRADE, TOTAL_WINNINGS, DRW_NO_DATE)
VALUES ('dlckd125@nate.com', 22, 5, 10, 15, 20, 25, 50000, '2023-09-10');

-- 2번 데이터 삽입
INSERT INTO MY_GAME (EMAIL, ROUND, FIRST_GAME_GRADE, SECOND_GAME_GRADE, THIRD_GAME_GRADE, FOURTH_GAME_GRADE, FIFTH_GAME_GRADE, TOTAL_WINNINGS, DRW_NO_DATE)
VALUES ('dlckd159@gmail.com', 1, 2, 7, 14, 19, 24, 25000, '2023-09-10');

-- 3번 데이터 삽입
INSERT INTO MY_GAME (EMAIL, ROUND, FIRST_GAME_GRADE, SECOND_GAME_GRADE, THIRD_GAME_GRADE, FOURTH_GAME_GRADE, FIFTH_GAME_GRADE, TOTAL_WINNINGS, DRW_NO_DATE)
VALUES ('dlckd125@nate.com', 2, 3, 8, 13, 18, 23, 10000, '2023-09-17');

-- 4번 데이터 삽입
INSERT INTO MY_GAME (EMAIL, ROUND, FIRST_GAME_GRADE, SECOND_GAME_GRADE, THIRD_GAME_GRADE, FOURTH_GAME_GRADE, FIFTH_GAME_GRADE, TOTAL_WINNINGS, DRW_NO_DATE)
VALUES ('dlckd159@gmail.com', 2, 1, 6, 12, 17, 22, 5000, '2023-09-17');

COMMIT;

CREATE TABLE MY_GAME_DETAIL (
                                MY_GAME_DETAIL_ID INT AUTO_INCREMENT PRIMARY KEY,
                                EMAIL VARCHAR(100) ,
                                ROUND INT NOT NULL,
                                GAME_NUM INT NOT NULL,
                                BALL_NUM1 INT NOT NULL,
                                BALL_NUM2 INT NOT NULL,
                                BALL_NUM3 INT NOT NULL,
                                BALL_NUM4 INT NOT NULL,
                                BALL_NUM5 INT NOT NULL,
                                BALL_NUM6 INT NOT NULL,
                                GAME_GRADE INT DEFAULT -1,
                                GAME_WINNINGS LONG DEFAULT 0
);

CREATE INDEX IDX_MY_GAME_DETAIL_01 ON MY_GAME_DETAIL (EMAIL, ROUND);
CREATE INDEX IDX_MY_GAME_DETAIL_02 ON MY_GAME_DETAIL (ROUND);

COMMIT;

-- 1번 데이터 삽입
INSERT INTO MY_GAME_DETAIL (EMAIL, ROUND, GAME_NUM, BALL_NUM1, BALL_NUM2, BALL_NUM3, BALL_NUM4, BALL_NUM5, BALL_NUM6)
VALUES ('dlckd125@nate.com', 1, 1, 5, 12, 18, 22, 30, 42);

-- 2번 데이터 삽입
INSERT INTO MY_GAME_DETAIL (EMAIL, ROUND, GAME_NUM, BALL_NUM1, BALL_NUM2, BALL_NUM3, BALL_NUM4, BALL_NUM5, BALL_NUM6)
VALUES ('dlckd125@nate.com', 1, 2, 7, 14, 19, 24, 29, 34);

-- 3번 데이터 삽입
INSERT INTO MY_GAME_DETAIL (EMAIL, ROUND, GAME_NUM, BALL_NUM1, BALL_NUM2, BALL_NUM3, BALL_NUM4, BALL_NUM5, BALL_NUM6)
VALUES ('dlckd125@nate.com', 1, 3, 9, 16, 21, 26, 31, 36);

-- 4번 데이터 삽입
INSERT INTO MY_GAME_DETAIL (EMAIL, ROUND, GAME_NUM, BALL_NUM1, BALL_NUM2, BALL_NUM3, BALL_NUM4, BALL_NUM5, BALL_NUM6)
VALUES ('dlckd125@nate.com', 2, 1, 2, 7, 12, 18, 24, 30);

INSERT INTO MY_GAME_DETAIL (EMAIL, ROUND, GAME_NUM, BALL_NUM1, BALL_NUM2, BALL_NUM3, BALL_NUM4, BALL_NUM5, BALL_NUM6)
VALUES ('dlckd125@nate.com', 22, 1, 2, 7, 12, 18, 24, 30);

-- 5번 데이터 삽입
INSERT INTO MY_GAME_DETAIL (EMAIL, ROUND, GAME_NUM, BALL_NUM1, BALL_NUM2, BALL_NUM3, BALL_NUM4, BALL_NUM5, BALL_NUM6)
VALUES ('dlckd125@nate.com', 2, 2, 4, 9, 14, 20, 26, 32);

-- 6번 데이터 삽입
INSERT INTO MY_GAME_DETAIL (EMAIL, ROUND, GAME_NUM, BALL_NUM1, BALL_NUM2, BALL_NUM3, BALL_NUM4, BALL_NUM5, BALL_NUM6)
VALUES ('dlckd159@gmail.com', 1, 1, 1, 6, 11, 17, 23, 29);

-- 7번 데이터 삽입
INSERT INTO MY_GAME_DETAIL (EMAIL, ROUND, GAME_NUM, BALL_NUM1, BALL_NUM2, BALL_NUM3, BALL_NUM4, BALL_NUM5, BALL_NUM6)
VALUES ('dlckd159@gmail.com', 1, 2, 3, 8, 13, 19, 25, 31);

-- 8번 데이터 삽입
INSERT INTO MY_GAME_DETAIL (EMAIL, ROUND, GAME_NUM, BALL_NUM1, BALL_NUM2, BALL_NUM3, BALL_NUM4, BALL_NUM5, BALL_NUM6)
VALUES ('dlckd159@gmail.com', 2, 1, 5, 10, 15, 20, 25, 30);

-- 9번 데이터 삽입
INSERT INTO MY_GAME_DETAIL (EMAIL, ROUND, GAME_NUM, BALL_NUM1, BALL_NUM2, BALL_NUM3, BALL_NUM4, BALL_NUM5, BALL_NUM6)
VALUES ('dlckd159@gmail.com', 2, 2, 7, 14, 19, 24, 29, 34);

-- 10번 데이터 삽입
INSERT INTO MY_GAME_DETAIL (EMAIL, ROUND, GAME_NUM, BALL_NUM1, BALL_NUM2, BALL_NUM3, BALL_NUM4, BALL_NUM5, BALL_NUM6)
VALUES ('dlckd159@gmail.com', 2, 3, 9, 16, 21, 26, 31, 36);

COMMIT;


CREATE TABLE LOTTO_BALL (
                            NUMBER_ID INT AUTO_INCREMENT NOT NULL,
                            BALL_NUM1 INT NOT NULL,
                            BALL_NUM2 INT NOT NULL,
                            BALL_NUM3 INT NOT NULL,
                            BALL_NUM4 INT NOT NULL,
                            BALL_NUM5 INT NOT NULL,
                            BALL_NUM6 INT NOT NULL,
                            NUMBER_WEIGHT INT,
                            PRIMARY KEY (NUMBER_ID)
);

CREATE INDEX IDX_LOTTO_BALL ON LOTTO_BALL (NUMBER_WEIGHT);
CREATE INDEX IDX_LOTTO_BALL_NUM ON LOTTO_BALL (BALL_NUM1, BALL_NUM2, BALL_NUM3, BALL_NUM4, BALL_NUM5, BALL_NUM6);

COMMIT;

INSERT INTO LOTTO_BALL (NUMBER_ID, BALL_NUM1, BALL_NUM2, BALL_NUM3, BALL_NUM4, BALL_NUM5, BALL_NUM6, NUMBER_WEIGHT) VALUES (1, 1, 2, 3, 4, 5, 8, 0);
INSERT INTO LOTTO_BALL (NUMBER_ID, BALL_NUM1, BALL_NUM2, BALL_NUM3, BALL_NUM4, BALL_NUM5, BALL_NUM6, NUMBER_WEIGHT) VALUES (2, 1, 2, 3, 4, 5, 7, 0);
INSERT INTO LOTTO_BALL (NUMBER_ID, BALL_NUM1, BALL_NUM2, BALL_NUM3, BALL_NUM4, BALL_NUM5, BALL_NUM6, NUMBER_WEIGHT) VALUES (3, 1, 2, 3, 4, 5, 6, 0);
INSERT INTO LOTTO_BALL (NUMBER_ID, BALL_NUM1, BALL_NUM2, BALL_NUM3, BALL_NUM4, BALL_NUM5, BALL_NUM6, NUMBER_WEIGHT) VALUES (4, 1, 2, 3, 4, 5, 9, 0);
INSERT INTO LOTTO_BALL (NUMBER_ID, BALL_NUM1, BALL_NUM2, BALL_NUM3, BALL_NUM4, BALL_NUM5, BALL_NUM6, NUMBER_WEIGHT) VALUES (5, 1, 2, 3, 4, 5, 10, 0);
INSERT INTO LOTTO_BALL (NUMBER_ID, BALL_NUM1, BALL_NUM2, BALL_NUM3, BALL_NUM4, BALL_NUM5, BALL_NUM6, NUMBER_WEIGHT) VALUES (6, 1, 2, 3, 4, 5, 12, 0);
INSERT INTO LOTTO_BALL (NUMBER_ID, BALL_NUM1, BALL_NUM2, BALL_NUM3, BALL_NUM4, BALL_NUM5, BALL_NUM6, NUMBER_WEIGHT) VALUES (7, 1, 2, 3, 4, 5, 15, 0);
INSERT INTO LOTTO_BALL (NUMBER_ID, BALL_NUM1, BALL_NUM2, BALL_NUM3, BALL_NUM4, BALL_NUM5, BALL_NUM6, NUMBER_WEIGHT) VALUES (8, 1, 2, 3, 4, 5, 11, 0);
INSERT INTO LOTTO_BALL (NUMBER_ID, BALL_NUM1, BALL_NUM2, BALL_NUM3, BALL_NUM4, BALL_NUM5, BALL_NUM6, NUMBER_WEIGHT) VALUES (9, 1, 2, 3, 4, 5, 14, 0);
INSERT INTO LOTTO_BALL (NUMBER_ID, BALL_NUM1, BALL_NUM2, BALL_NUM3, BALL_NUM4, BALL_NUM5, BALL_NUM6, NUMBER_WEIGHT) VALUES (10, 1, 2, 3, 4, 5, 19, 0);
INSERT INTO LOTTO_BALL (NUMBER_ID, BALL_NUM1, BALL_NUM2, BALL_NUM3, BALL_NUM4, BALL_NUM5, BALL_NUM6, NUMBER_WEIGHT) VALUES (11, 1, 2, 3, 4, 5, 18, 0);
INSERT INTO LOTTO_BALL (NUMBER_ID, BALL_NUM1, BALL_NUM2, BALL_NUM3, BALL_NUM4, BALL_NUM5, BALL_NUM6, NUMBER_WEIGHT) VALUES (12, 1, 2, 3, 4, 5, 23, 0);
INSERT INTO LOTTO_BALL (NUMBER_ID, BALL_NUM1, BALL_NUM2, BALL_NUM3, BALL_NUM4, BALL_NUM5, BALL_NUM6, NUMBER_WEIGHT) VALUES (13, 1, 2, 3, 4, 5, 22, 0);
INSERT INTO LOTTO_BALL (NUMBER_ID, BALL_NUM1, BALL_NUM2, BALL_NUM3, BALL_NUM4, BALL_NUM5, BALL_NUM6, NUMBER_WEIGHT) VALUES (14, 1, 2, 3, 4, 5, 27, 0);
INSERT INTO LOTTO_BALL (NUMBER_ID, BALL_NUM1, BALL_NUM2, BALL_NUM3, BALL_NUM4, BALL_NUM5, BALL_NUM6, NUMBER_WEIGHT) VALUES (15, 1, 2, 3, 4, 5, 26, 0);
INSERT INTO LOTTO_BALL (NUMBER_ID, BALL_NUM1, BALL_NUM2, BALL_NUM3, BALL_NUM4, BALL_NUM5, BALL_NUM6, NUMBER_WEIGHT) VALUES (16, 1, 2, 3, 4, 5, 31, 0);
INSERT INTO LOTTO_BALL (NUMBER_ID, BALL_NUM1, BALL_NUM2, BALL_NUM3, BALL_NUM4, BALL_NUM5, BALL_NUM6, NUMBER_WEIGHT) VALUES (17, 1, 2, 3, 4, 5, 30, 0);
INSERT INTO LOTTO_BALL (NUMBER_ID, BALL_NUM1, BALL_NUM2, BALL_NUM3, BALL_NUM4, BALL_NUM5, BALL_NUM6, NUMBER_WEIGHT) VALUES (18, 1, 2, 3, 4, 5, 16, 0);
INSERT INTO LOTTO_BALL (NUMBER_ID, BALL_NUM1, BALL_NUM2, BALL_NUM3, BALL_NUM4, BALL_NUM5, BALL_NUM6, NUMBER_WEIGHT) VALUES (19, 1, 2, 3, 4, 5, 35, 0);
INSERT INTO LOTTO_BALL (NUMBER_ID, BALL_NUM1, BALL_NUM2, BALL_NUM3, BALL_NUM4, BALL_NUM5, BALL_NUM6, NUMBER_WEIGHT) VALUES (20, 1, 2, 3, 4, 5, 21, 0);
INSERT INTO LOTTO_BALL (NUMBER_ID, BALL_NUM1, BALL_NUM2, BALL_NUM3, BALL_NUM4, BALL_NUM5, BALL_NUM6, NUMBER_WEIGHT) VALUES (21, 1, 2, 3, 4, 5, 34, 0);
INSERT INTO LOTTO_BALL (NUMBER_ID, BALL_NUM1, BALL_NUM2, BALL_NUM3, BALL_NUM4, BALL_NUM5, BALL_NUM6, NUMBER_WEIGHT) VALUES (22, 1, 2, 3, 4, 5, 24, 0);
INSERT INTO LOTTO_BALL (NUMBER_ID, BALL_NUM1, BALL_NUM2, BALL_NUM3, BALL_NUM4, BALL_NUM5, BALL_NUM6, NUMBER_WEIGHT) VALUES (23, 1, 2, 3, 4, 5, 40, 0);
INSERT INTO LOTTO_BALL (NUMBER_ID, BALL_NUM1, BALL_NUM2, BALL_NUM3, BALL_NUM4, BALL_NUM5, BALL_NUM6, NUMBER_WEIGHT) VALUES (24, 1, 2, 3, 4, 5, 38, 0);
INSERT INTO LOTTO_BALL (NUMBER_ID, BALL_NUM1, BALL_NUM2, BALL_NUM3, BALL_NUM4, BALL_NUM5, BALL_NUM6, NUMBER_WEIGHT) VALUES (25, 1, 2, 3, 4, 5, 43, 0);
INSERT INTO LOTTO_BALL (NUMBER_ID, BALL_NUM1, BALL_NUM2, BALL_NUM3, BALL_NUM4, BALL_NUM5, BALL_NUM6, NUMBER_WEIGHT) VALUES (26, 1, 2, 3, 4, 5, 42, 0);
INSERT INTO LOTTO_BALL (NUMBER_ID, BALL_NUM1, BALL_NUM2, BALL_NUM3, BALL_NUM4, BALL_NUM5, BALL_NUM6, NUMBER_WEIGHT) VALUES (27, 1, 2, 3, 4, 5, 28, 0);
INSERT INTO LOTTO_BALL (NUMBER_ID, BALL_NUM1, BALL_NUM2, BALL_NUM3, BALL_NUM4, BALL_NUM5, BALL_NUM6, NUMBER_WEIGHT) VALUES (28, 1, 2, 3, 4, 6, 8, 0);
INSERT INTO LOTTO_BALL (NUMBER_ID, BALL_NUM1, BALL_NUM2, BALL_NUM3, BALL_NUM4, BALL_NUM5, BALL_NUM6, NUMBER_WEIGHT) VALUES (29, 1, 2, 3, 4, 6, 7, 0);
INSERT INTO LOTTO_BALL (NUMBER_ID, BALL_NUM1, BALL_NUM2, BALL_NUM3, BALL_NUM4, BALL_NUM5, BALL_NUM6, NUMBER_WEIGHT) VALUES (30, 1, 2, 3, 4, 6, 12, 0);
INSERT INTO LOTTO_BALL (NUMBER_ID, BALL_NUM1, BALL_NUM2, BALL_NUM3, BALL_NUM4, BALL_NUM5, BALL_NUM6, NUMBER_WEIGHT) VALUES (31, 1, 2, 3, 4, 5, 32, 0);
INSERT INTO LOTTO_BALL (NUMBER_ID, BALL_NUM1, BALL_NUM2, BALL_NUM3, BALL_NUM4, BALL_NUM5, BALL_NUM6, NUMBER_WEIGHT) VALUES (32, 1, 2, 3, 4, 6, 11, 0);
INSERT INTO LOTTO_BALL (NUMBER_ID, BALL_NUM1, BALL_NUM2, BALL_NUM3, BALL_NUM4, BALL_NUM5, BALL_NUM6, NUMBER_WEIGHT) VALUES (33, 1, 2, 3, 4, 5, 36, 0);
INSERT INTO LOTTO_BALL (NUMBER_ID, BALL_NUM1, BALL_NUM2, BALL_NUM3, BALL_NUM4, BALL_NUM5, BALL_NUM6, NUMBER_WEIGHT) VALUES (34, 1, 2, 3, 4, 6, 15, 0);
INSERT INTO LOTTO_BALL (NUMBER_ID, BALL_NUM1, BALL_NUM2, BALL_NUM3, BALL_NUM4, BALL_NUM5, BALL_NUM6, NUMBER_WEIGHT) VALUES (35, 1, 2, 3, 4, 5, 39, 0);
INSERT INTO LOTTO_BALL (NUMBER_ID, BALL_NUM1, BALL_NUM2, BALL_NUM3, BALL_NUM4, BALL_NUM5, BALL_NUM6, NUMBER_WEIGHT) VALUES (36, 1, 2, 3, 4, 6, 14, 0);
INSERT INTO LOTTO_BALL (NUMBER_ID, BALL_NUM1, BALL_NUM2, BALL_NUM3, BALL_NUM4, BALL_NUM5, BALL_NUM6, NUMBER_WEIGHT) VALUES (37, 1, 2, 3, 4, 5, 13, 0);
INSERT INTO LOTTO_BALL (NUMBER_ID, BALL_NUM1, BALL_NUM2, BALL_NUM3, BALL_NUM4, BALL_NUM5, BALL_NUM6, NUMBER_WEIGHT) VALUES (38, 1, 2, 3, 4, 6, 18, 0);
INSERT INTO LOTTO_BALL (NUMBER_ID, BALL_NUM1, BALL_NUM2, BALL_NUM3, BALL_NUM4, BALL_NUM5, BALL_NUM6, NUMBER_WEIGHT) VALUES (39, 1, 2, 3, 4, 6, 20, 0);
INSERT INTO LOTTO_BALL (NUMBER_ID, BALL_NUM1, BALL_NUM2, BALL_NUM3, BALL_NUM4, BALL_NUM5, BALL_NUM6, NUMBER_WEIGHT) VALUES (40, 1, 2, 3, 4, 5, 45, 0);
INSERT INTO LOTTO_BALL (NUMBER_ID, BALL_NUM1, BALL_NUM2, BALL_NUM3, BALL_NUM4, BALL_NUM5, BALL_NUM6, NUMBER_WEIGHT) VALUES (41, 1, 2, 3, 4, 6, 23, 0);
INSERT INTO LOTTO_BALL (NUMBER_ID, BALL_NUM1, BALL_NUM2, BALL_NUM3, BALL_NUM4, BALL_NUM5, BALL_NUM6, NUMBER_WEIGHT) VALUES (42, 1, 2, 3, 4, 6, 22, 0);
INSERT INTO LOTTO_BALL (NUMBER_ID, BALL_NUM1, BALL_NUM2, BALL_NUM3, BALL_NUM4, BALL_NUM5, BALL_NUM6, NUMBER_WEIGHT) VALUES (43, 1, 2, 3, 4, 6, 10, 0);
INSERT INTO LOTTO_BALL (NUMBER_ID, BALL_NUM1, BALL_NUM2, BALL_NUM3, BALL_NUM4, BALL_NUM5, BALL_NUM6, NUMBER_WEIGHT) VALUES (44, 1, 2, 3, 4, 5, 17, 0);
INSERT INTO LOTTO_BALL (NUMBER_ID, BALL_NUM1, BALL_NUM2, BALL_NUM3, BALL_NUM4, BALL_NUM5, BALL_NUM6, NUMBER_WEIGHT) VALUES (45, 1, 2, 3, 4, 6, 26, 0);
INSERT INTO LOTTO_BALL (NUMBER_ID, BALL_NUM1, BALL_NUM2, BALL_NUM3, BALL_NUM4, BALL_NUM5, BALL_NUM6, NUMBER_WEIGHT) VALUES (46, 1, 2, 3, 4, 6, 27, 0);
INSERT INTO LOTTO_BALL (NUMBER_ID, BALL_NUM1, BALL_NUM2, BALL_NUM3, BALL_NUM4, BALL_NUM5, BALL_NUM6, NUMBER_WEIGHT) VALUES (47, 1, 2, 3, 4, 6, 30, 0);
INSERT INTO LOTTO_BALL (NUMBER_ID, BALL_NUM1, BALL_NUM2, BALL_NUM3, BALL_NUM4, BALL_NUM5, BALL_NUM6, NUMBER_WEIGHT) VALUES (48, 1, 2, 3, 4, 5, 20, 0);
INSERT INTO LOTTO_BALL (NUMBER_ID, BALL_NUM1, BALL_NUM2, BALL_NUM3, BALL_NUM4, BALL_NUM5, BALL_NUM6, NUMBER_WEIGHT) VALUES (49, 1, 2, 3, 4, 6, 31, 0);
INSERT INTO LOTTO_BALL (NUMBER_ID, BALL_NUM1, BALL_NUM2, BALL_NUM3, BALL_NUM4, BALL_NUM5, BALL_NUM6, NUMBER_WEIGHT) VALUES (50, 1, 2, 3, 4, 5, 25, 0);
INSERT INTO LOTTO_BALL (NUMBER_ID, BALL_NUM1, BALL_NUM2, BALL_NUM3, BALL_NUM4, BALL_NUM5, BALL_NUM6, NUMBER_WEIGHT) VALUES (51, 1, 2, 3, 4, 6, 35, 0);
INSERT INTO LOTTO_BALL (NUMBER_ID, BALL_NUM1, BALL_NUM2, BALL_NUM3, BALL_NUM4, BALL_NUM5, BALL_NUM6, NUMBER_WEIGHT) VALUES (52, 1, 2, 3, 4, 6, 34, 0);
INSERT INTO LOTTO_BALL (NUMBER_ID, BALL_NUM1, BALL_NUM2, BALL_NUM3, BALL_NUM4, BALL_NUM5, BALL_NUM6, NUMBER_WEIGHT) VALUES (53, 1, 2, 3, 4, 5, 29, 0);
INSERT INTO LOTTO_BALL (NUMBER_ID, BALL_NUM1, BALL_NUM2, BALL_NUM3, BALL_NUM4, BALL_NUM5, BALL_NUM6, NUMBER_WEIGHT) VALUES (54, 1, 2, 3, 4, 6, 39, 0);
INSERT INTO LOTTO_BALL (NUMBER_ID, BALL_NUM1, BALL_NUM2, BALL_NUM3, BALL_NUM4, BALL_NUM5, BALL_NUM6, NUMBER_WEIGHT) VALUES (55, 1, 2, 3, 4, 6, 37, 0);
INSERT INTO LOTTO_BALL (NUMBER_ID, BALL_NUM1, BALL_NUM2, BALL_NUM3, BALL_NUM4, BALL_NUM5, BALL_NUM6, NUMBER_WEIGHT) VALUES (56, 1, 2, 3, 4, 6, 43, 0);
INSERT INTO LOTTO_BALL (NUMBER_ID, BALL_NUM1, BALL_NUM2, BALL_NUM3, BALL_NUM4, BALL_NUM5, BALL_NUM6, NUMBER_WEIGHT) VALUES (57, 1, 2, 3, 4, 5, 33, 0);
INSERT INTO LOTTO_BALL (NUMBER_ID, BALL_NUM1, BALL_NUM2, BALL_NUM3, BALL_NUM4, BALL_NUM5, BALL_NUM6, NUMBER_WEIGHT) VALUES (58, 1, 2, 3, 4, 6, 41, 0);
INSERT INTO LOTTO_BALL (NUMBER_ID, BALL_NUM1, BALL_NUM2, BALL_NUM3, BALL_NUM4, BALL_NUM5, BALL_NUM6, NUMBER_WEIGHT) VALUES (59, 1, 2, 3, 4, 6, 16, 0);
INSERT INTO LOTTO_BALL (NUMBER_ID, BALL_NUM1, BALL_NUM2, BALL_NUM3, BALL_NUM4, BALL_NUM5, BALL_NUM6, NUMBER_WEIGHT) VALUES (60, 1, 2, 3, 4, 5, 37, 0);
INSERT INTO LOTTO_BALL (NUMBER_ID, BALL_NUM1, BALL_NUM2, BALL_NUM3, BALL_NUM4, BALL_NUM5, BALL_NUM6, NUMBER_WEIGHT) VALUES (61, 1, 2, 3, 4, 6, 21, 0);
INSERT INTO LOTTO_BALL (NUMBER_ID, BALL_NUM1, BALL_NUM2, BALL_NUM3, BALL_NUM4, BALL_NUM5, BALL_NUM6, NUMBER_WEIGHT) VALUES (62, 1, 2, 3, 4, 7, 8, 0);
INSERT INTO LOTTO_BALL (NUMBER_ID, BALL_NUM1, BALL_NUM2, BALL_NUM3, BALL_NUM4, BALL_NUM5, BALL_NUM6, NUMBER_WEIGHT) VALUES (63, 1, 2, 3, 4, 6, 45, 0);
INSERT INTO LOTTO_BALL (NUMBER_ID, BALL_NUM1, BALL_NUM2, BALL_NUM3, BALL_NUM4, BALL_NUM5, BALL_NUM6, NUMBER_WEIGHT) VALUES (64, 1, 2, 3, 4, 5, 41, 0);
INSERT INTO LOTTO_BALL (NUMBER_ID, BALL_NUM1, BALL_NUM2, BALL_NUM3, BALL_NUM4, BALL_NUM5, BALL_NUM6, NUMBER_WEIGHT) VALUES (65, 1, 2, 3, 4, 6, 24, 0);
INSERT INTO LOTTO_BALL (NUMBER_ID, BALL_NUM1, BALL_NUM2, BALL_NUM3, BALL_NUM4, BALL_NUM5, BALL_NUM6, NUMBER_WEIGHT) VALUES (66, 1, 2, 3, 4, 7, 12, 0);
INSERT INTO LOTTO_BALL (NUMBER_ID, BALL_NUM1, BALL_NUM2, BALL_NUM3, BALL_NUM4, BALL_NUM5, BALL_NUM6, NUMBER_WEIGHT) VALUES (67, 1, 2, 3, 4, 6, 29, 0);
INSERT INTO LOTTO_BALL (NUMBER_ID, BALL_NUM1, BALL_NUM2, BALL_NUM3, BALL_NUM4, BALL_NUM5, BALL_NUM6, NUMBER_WEIGHT) VALUES (68, 1, 2, 3, 4, 7, 16, 0);
INSERT INTO LOTTO_BALL (NUMBER_ID, BALL_NUM1, BALL_NUM2, BALL_NUM3, BALL_NUM4, BALL_NUM5, BALL_NUM6, NUMBER_WEIGHT) VALUES (69, 1, 2, 3, 4, 6, 33, 0);
INSERT INTO LOTTO_BALL (NUMBER_ID, BALL_NUM1, BALL_NUM2, BALL_NUM3, BALL_NUM4, BALL_NUM5, BALL_NUM6, NUMBER_WEIGHT) VALUES (70, 1, 2, 3, 4, 5, 44, 0);
INSERT INTO LOTTO_BALL (NUMBER_ID, BALL_NUM1, BALL_NUM2, BALL_NUM3, BALL_NUM4, BALL_NUM5, BALL_NUM6, NUMBER_WEIGHT) VALUES (71, 1, 2, 3, 4, 6, 38, 0);
INSERT INTO LOTTO_BALL (NUMBER_ID, BALL_NUM1, BALL_NUM2, BALL_NUM3, BALL_NUM4, BALL_NUM5, BALL_NUM6, NUMBER_WEIGHT) VALUES (72, 1, 2, 3, 4, 6, 42, 0);
INSERT INTO LOTTO_BALL (NUMBER_ID, BALL_NUM1, BALL_NUM2, BALL_NUM3, BALL_NUM4, BALL_NUM5, BALL_NUM6, NUMBER_WEIGHT) VALUES (73, 1, 2, 3, 4, 7, 20, 0);
INSERT INTO LOTTO_BALL (NUMBER_ID, BALL_NUM1, BALL_NUM2, BALL_NUM3, BALL_NUM4, BALL_NUM5, BALL_NUM6, NUMBER_WEIGHT) VALUES (74, 1, 2, 3, 4, 7, 9, 0);
INSERT INTO LOTTO_BALL (NUMBER_ID, BALL_NUM1, BALL_NUM2, BALL_NUM3, BALL_NUM4, BALL_NUM5, BALL_NUM6, NUMBER_WEIGHT) VALUES (75, 1, 2, 3, 4, 6, 9, 0);
INSERT INTO LOTTO_BALL (NUMBER_ID, BALL_NUM1, BALL_NUM2, BALL_NUM3, BALL_NUM4, BALL_NUM5, BALL_NUM6, NUMBER_WEIGHT) VALUES (76, 1, 2, 3, 4, 7, 22, 0);
INSERT INTO LOTTO_BALL (NUMBER_ID, BALL_NUM1, BALL_NUM2, BALL_NUM3, BALL_NUM4, BALL_NUM5, BALL_NUM6, NUMBER_WEIGHT) VALUES (77, 1, 2, 3, 4, 7, 11, 0);
INSERT INTO LOTTO_BALL (NUMBER_ID, BALL_NUM1, BALL_NUM2, BALL_NUM3, BALL_NUM4, BALL_NUM5, BALL_NUM6, NUMBER_WEIGHT) VALUES (78, 1, 2, 3, 4, 7, 13, 0);
INSERT INTO LOTTO_BALL (NUMBER_ID, BALL_NUM1, BALL_NUM2, BALL_NUM3, BALL_NUM4, BALL_NUM5, BALL_NUM6, NUMBER_WEIGHT) VALUES (79, 1, 2, 3, 4, 6, 13, 0);
INSERT INTO LOTTO_BALL (NUMBER_ID, BALL_NUM1, BALL_NUM2, BALL_NUM3, BALL_NUM4, BALL_NUM5, BALL_NUM6, NUMBER_WEIGHT) VALUES (80, 1, 2, 3, 4, 7, 28, 0);
INSERT INTO LOTTO_BALL (NUMBER_ID, BALL_NUM1, BALL_NUM2, BALL_NUM3, BALL_NUM4, BALL_NUM5, BALL_NUM6, NUMBER_WEIGHT) VALUES (81, 1, 2, 3, 4, 7, 14, 0);
INSERT INTO LOTTO_BALL (NUMBER_ID, BALL_NUM1, BALL_NUM2, BALL_NUM3, BALL_NUM4, BALL_NUM5, BALL_NUM6, NUMBER_WEIGHT) VALUES (82, 1, 2, 3, 4, 6, 17, 0);
INSERT INTO LOTTO_BALL (NUMBER_ID, BALL_NUM1, BALL_NUM2, BALL_NUM3, BALL_NUM4, BALL_NUM5, BALL_NUM6, NUMBER_WEIGHT) VALUES (83, 1, 2, 3, 4, 7, 31, 0);
INSERT INTO LOTTO_BALL (NUMBER_ID, BALL_NUM1, BALL_NUM2, BALL_NUM3, BALL_NUM4, BALL_NUM5, BALL_NUM6, NUMBER_WEIGHT) VALUES (84, 1, 2, 3, 4, 7, 17, 0);
INSERT INTO LOTTO_BALL (NUMBER_ID, BALL_NUM1, BALL_NUM2, BALL_NUM3, BALL_NUM4, BALL_NUM5, BALL_NUM6, NUMBER_WEIGHT) VALUES (85, 1, 2, 3, 4, 7, 35, 0);
INSERT INTO LOTTO_BALL (NUMBER_ID, BALL_NUM1, BALL_NUM2, BALL_NUM3, BALL_NUM4, BALL_NUM5, BALL_NUM6, NUMBER_WEIGHT) VALUES (86, 1, 2, 3, 4, 7, 21, 0);
INSERT INTO LOTTO_BALL (NUMBER_ID, BALL_NUM1, BALL_NUM2, BALL_NUM3, BALL_NUM4, BALL_NUM5, BALL_NUM6, NUMBER_WEIGHT) VALUES (87, 1, 2, 3, 4, 6, 19, 0);
INSERT INTO LOTTO_BALL (NUMBER_ID, BALL_NUM1, BALL_NUM2, BALL_NUM3, BALL_NUM4, BALL_NUM5, BALL_NUM6, NUMBER_WEIGHT) VALUES (88, 1, 2, 3, 4, 7, 25, 0);
INSERT INTO LOTTO_BALL (NUMBER_ID, BALL_NUM1, BALL_NUM2, BALL_NUM3, BALL_NUM4, BALL_NUM5, BALL_NUM6, NUMBER_WEIGHT) VALUES (89, 1, 2, 3, 4, 7, 19, 0);
INSERT INTO LOTTO_BALL (NUMBER_ID, BALL_NUM1, BALL_NUM2, BALL_NUM3, BALL_NUM4, BALL_NUM5, BALL_NUM6, NUMBER_WEIGHT) VALUES (90, 1, 2, 3, 4, 6, 25, 0);
INSERT INTO LOTTO_BALL (NUMBER_ID, BALL_NUM1, BALL_NUM2, BALL_NUM3, BALL_NUM4, BALL_NUM5, BALL_NUM6, NUMBER_WEIGHT) VALUES (91, 1, 2, 3, 4, 7, 38, 0);
INSERT INTO LOTTO_BALL (NUMBER_ID, BALL_NUM1, BALL_NUM2, BALL_NUM3, BALL_NUM4, BALL_NUM5, BALL_NUM6, NUMBER_WEIGHT) VALUES (92, 1, 2, 3, 4, 7, 23, 0);
INSERT INTO LOTTO_BALL (NUMBER_ID, BALL_NUM1, BALL_NUM2, BALL_NUM3, BALL_NUM4, BALL_NUM5, BALL_NUM6, NUMBER_WEIGHT) VALUES (93, 1, 2, 3, 4, 7, 26, 0);
INSERT INTO LOTTO_BALL (NUMBER_ID, BALL_NUM1, BALL_NUM2, BALL_NUM3, BALL_NUM4, BALL_NUM5, BALL_NUM6, NUMBER_WEIGHT) VALUES (94, 1, 2, 3, 4, 7, 29, 0);
INSERT INTO LOTTO_BALL (NUMBER_ID, BALL_NUM1, BALL_NUM2, BALL_NUM3, BALL_NUM4, BALL_NUM5, BALL_NUM6, NUMBER_WEIGHT) VALUES (95, 1, 2, 3, 4, 7, 30, 0);
INSERT INTO LOTTO_BALL (NUMBER_ID, BALL_NUM1, BALL_NUM2, BALL_NUM3, BALL_NUM4, BALL_NUM5, BALL_NUM6, NUMBER_WEIGHT) VALUES (96, 1, 2, 3, 4, 7, 43, 0);
INSERT INTO LOTTO_BALL (NUMBER_ID, BALL_NUM1, BALL_NUM2, BALL_NUM3, BALL_NUM4, BALL_NUM5, BALL_NUM6, NUMBER_WEIGHT) VALUES (97, 1, 2, 3, 4, 6, 28, 0);
INSERT INTO LOTTO_BALL (NUMBER_ID, BALL_NUM1, BALL_NUM2, BALL_NUM3, BALL_NUM4, BALL_NUM5, BALL_NUM6, NUMBER_WEIGHT) VALUES (98, 1, 2, 3, 4, 7, 39, 0);
INSERT INTO LOTTO_BALL (NUMBER_ID, BALL_NUM1, BALL_NUM2, BALL_NUM3, BALL_NUM4, BALL_NUM5, BALL_NUM6, NUMBER_WEIGHT) VALUES (99, 1, 2, 3, 4, 7, 33, 0);
INSERT INTO LOTTO_BALL (NUMBER_ID, BALL_NUM1, BALL_NUM2, BALL_NUM3, BALL_NUM4, BALL_NUM5, BALL_NUM6, NUMBER_WEIGHT) VALUES (100, 1, 2, 3, 4, 8, 10, 0);
INSERT INTO LOTTO_BALL (NUMBER_ID, BALL_NUM1, BALL_NUM2, BALL_NUM3, BALL_NUM4, BALL_NUM5, BALL_NUM6, NUMBER_WEIGHT) VALUES (101, 1, 2, 3, 4, 6, 32, 0);
INSERT INTO LOTTO_BALL (NUMBER_ID, BALL_NUM1, BALL_NUM2, BALL_NUM3, BALL_NUM4, BALL_NUM5, BALL_NUM6, NUMBER_WEIGHT) VALUES (102, 1, 2, 3, 4, 7, 36, 0);
INSERT INTO LOTTO_BALL (NUMBER_ID, BALL_NUM1, BALL_NUM2, BALL_NUM3, BALL_NUM4, BALL_NUM5, BALL_NUM6, NUMBER_WEIGHT) VALUES (103, 1, 2, 3, 4, 6, 36, 0);
INSERT INTO LOTTO_BALL (NUMBER_ID, BALL_NUM1, BALL_NUM2, BALL_NUM3, BALL_NUM4, BALL_NUM5, BALL_NUM6, NUMBER_WEIGHT) VALUES (104, 1, 2, 3, 4, 8, 13, 0);
INSERT INTO LOTTO_BALL (NUMBER_ID, BALL_NUM1, BALL_NUM2, BALL_NUM3, BALL_NUM4, BALL_NUM5, BALL_NUM6, NUMBER_WEIGHT) VALUES (105, 1, 2, 3, 4, 8, 17, 0);
INSERT INTO LOTTO_BALL (NUMBER_ID, BALL_NUM1, BALL_NUM2, BALL_NUM3, BALL_NUM4, BALL_NUM5, BALL_NUM6, NUMBER_WEIGHT) VALUES (106, 1, 2, 3, 4, 7, 40, 0);
INSERT INTO LOTTO_BALL (NUMBER_ID, BALL_NUM1, BALL_NUM2, BALL_NUM3, BALL_NUM4, BALL_NUM5, BALL_NUM6, NUMBER_WEIGHT) VALUES (107, 1, 2, 3, 4, 6, 40, 0);
INSERT INTO LOTTO_BALL (NUMBER_ID, BALL_NUM1, BALL_NUM2, BALL_NUM3, BALL_NUM4, BALL_NUM5, BALL_NUM6, NUMBER_WEIGHT) VALUES (108, 1, 2, 3, 4, 7, 44, 0);
INSERT INTO LOTTO_BALL (NUMBER_ID, BALL_NUM1, BALL_NUM2, BALL_NUM3, BALL_NUM4, BALL_NUM5, BALL_NUM6, NUMBER_WEIGHT) VALUES (109, 1, 2, 3, 4, 7, 42, 0);
INSERT INTO LOTTO_BALL (NUMBER_ID, BALL_NUM1, BALL_NUM2, BALL_NUM3, BALL_NUM4, BALL_NUM5, BALL_NUM6, NUMBER_WEIGHT) VALUES (110, 1, 2, 3, 4, 8, 21, 0);
INSERT INTO LOTTO_BALL (NUMBER_ID, BALL_NUM1, BALL_NUM2, BALL_NUM3, BALL_NUM4, BALL_NUM5, BALL_NUM6, NUMBER_WEIGHT) VALUES (111, 1, 2, 3, 4, 8, 9, 0);
INSERT INTO LOTTO_BALL (NUMBER_ID, BALL_NUM1, BALL_NUM2, BALL_NUM3, BALL_NUM4, BALL_NUM5, BALL_NUM6, NUMBER_WEIGHT) VALUES (112, 1, 2, 3, 4, 6, 44, 0);
INSERT INTO LOTTO_BALL (NUMBER_ID, BALL_NUM1, BALL_NUM2, BALL_NUM3, BALL_NUM4, BALL_NUM5, BALL_NUM6, NUMBER_WEIGHT) VALUES (113, 1, 2, 3, 4, 8, 14, 0);
INSERT INTO LOTTO_BALL (NUMBER_ID, BALL_NUM1, BALL_NUM2, BALL_NUM3, BALL_NUM4, BALL_NUM5, BALL_NUM6, NUMBER_WEIGHT) VALUES (114, 1, 2, 3, 4, 7, 10, 0);
INSERT INTO LOTTO_BALL (NUMBER_ID, BALL_NUM1, BALL_NUM2, BALL_NUM3, BALL_NUM4, BALL_NUM5, BALL_NUM6, NUMBER_WEIGHT) VALUES (115, 1, 2, 3, 4, 8, 18, 0);
INSERT INTO LOTTO_BALL (NUMBER_ID, BALL_NUM1, BALL_NUM2, BALL_NUM3, BALL_NUM4, BALL_NUM5, BALL_NUM6, NUMBER_WEIGHT) VALUES (116, 1, 2, 3, 4, 8, 11, 0);
INSERT INTO LOTTO_BALL (NUMBER_ID, BALL_NUM1, BALL_NUM2, BALL_NUM3, BALL_NUM4, BALL_NUM5, BALL_NUM6, NUMBER_WEIGHT) VALUES (117, 1, 2, 3, 4, 8, 22, 0);
INSERT INTO LOTTO_BALL (NUMBER_ID, BALL_NUM1, BALL_NUM2, BALL_NUM3, BALL_NUM4, BALL_NUM5, BALL_NUM6, NUMBER_WEIGHT) VALUES (118, 1, 2, 3, 4, 8, 26, 0);
INSERT INTO LOTTO_BALL (NUMBER_ID, BALL_NUM1, BALL_NUM2, BALL_NUM3, BALL_NUM4, BALL_NUM5, BALL_NUM6, NUMBER_WEIGHT) VALUES (119, 1, 2, 3, 4, 8, 25, 0);
INSERT INTO LOTTO_BALL (NUMBER_ID, BALL_NUM1, BALL_NUM2, BALL_NUM3, BALL_NUM4, BALL_NUM5, BALL_NUM6, NUMBER_WEIGHT) VALUES (120, 1, 2, 3, 4, 8, 16, 0);
INSERT INTO LOTTO_BALL (NUMBER_ID, BALL_NUM1, BALL_NUM2, BALL_NUM3, BALL_NUM4, BALL_NUM5, BALL_NUM6, NUMBER_WEIGHT) VALUES (121, 1, 2, 3, 4, 7, 15, 0);
INSERT INTO LOTTO_BALL (NUMBER_ID, BALL_NUM1, BALL_NUM2, BALL_NUM3, BALL_NUM4, BALL_NUM5, BALL_NUM6, NUMBER_WEIGHT) VALUES (122, 1, 2, 3, 4, 8, 28, 0);
INSERT INTO LOTTO_BALL (NUMBER_ID, BALL_NUM1, BALL_NUM2, BALL_NUM3, BALL_NUM4, BALL_NUM5, BALL_NUM6, NUMBER_WEIGHT) VALUES (123, 1, 2, 3, 4, 8, 30, 0);
INSERT INTO LOTTO_BALL (NUMBER_ID, BALL_NUM1, BALL_NUM2, BALL_NUM3, BALL_NUM4, BALL_NUM5, BALL_NUM6, NUMBER_WEIGHT) VALUES (124, 1, 2, 3, 4, 8, 20, 0);
INSERT INTO LOTTO_BALL (NUMBER_ID, BALL_NUM1, BALL_NUM2, BALL_NUM3, BALL_NUM4, BALL_NUM5, BALL_NUM6, NUMBER_WEIGHT) VALUES (125, 1, 2, 3, 4, 8, 34, 0);
INSERT INTO LOTTO_BALL (NUMBER_ID, BALL_NUM1, BALL_NUM2, BALL_NUM3, BALL_NUM4, BALL_NUM5, BALL_NUM6, NUMBER_WEIGHT) VALUES (126, 1, 2, 3, 4, 7, 18, 0);
INSERT INTO LOTTO_BALL (NUMBER_ID, BALL_NUM1, BALL_NUM2, BALL_NUM3, BALL_NUM4, BALL_NUM5, BALL_NUM6, NUMBER_WEIGHT) VALUES (127, 1, 2, 3, 4, 8, 33, 0);
INSERT INTO LOTTO_BALL (NUMBER_ID, BALL_NUM1, BALL_NUM2, BALL_NUM3, BALL_NUM4, BALL_NUM5, BALL_NUM6, NUMBER_WEIGHT) VALUES (128, 1, 2, 3, 4, 7, 24, 0);
INSERT INTO LOTTO_BALL (NUMBER_ID, BALL_NUM1, BALL_NUM2, BALL_NUM3, BALL_NUM4, BALL_NUM5, BALL_NUM6, NUMBER_WEIGHT) VALUES (129, 1, 2, 3, 4, 8, 24, 0);
INSERT INTO LOTTO_BALL (NUMBER_ID, BALL_NUM1, BALL_NUM2, BALL_NUM3, BALL_NUM4, BALL_NUM5, BALL_NUM6, NUMBER_WEIGHT) VALUES (130, 1, 2, 3, 4, 8, 38, 0);
INSERT INTO LOTTO_BALL (NUMBER_ID, BALL_NUM1, BALL_NUM2, BALL_NUM3, BALL_NUM4, BALL_NUM5, BALL_NUM6, NUMBER_WEIGHT) VALUES (131, 1, 2, 3, 4, 8, 37, 0);
INSERT INTO LOTTO_BALL (NUMBER_ID, BALL_NUM1, BALL_NUM2, BALL_NUM3, BALL_NUM4, BALL_NUM5, BALL_NUM6, NUMBER_WEIGHT) VALUES (132, 1, 2, 3, 4, 7, 27, 0);
INSERT INTO LOTTO_BALL (NUMBER_ID, BALL_NUM1, BALL_NUM2, BALL_NUM3, BALL_NUM4, BALL_NUM5, BALL_NUM6, NUMBER_WEIGHT) VALUES (133, 1, 2, 3, 4, 8, 40, 0);
INSERT INTO LOTTO_BALL (NUMBER_ID, BALL_NUM1, BALL_NUM2, BALL_NUM3, BALL_NUM4, BALL_NUM5, BALL_NUM6, NUMBER_WEIGHT) VALUES (134, 1, 2, 3, 4, 8, 42, 0);
INSERT INTO LOTTO_BALL (NUMBER_ID, BALL_NUM1, BALL_NUM2, BALL_NUM3, BALL_NUM4, BALL_NUM5, BALL_NUM6, NUMBER_WEIGHT) VALUES (135, 1, 2, 3, 4, 8, 31, 0);
INSERT INTO LOTTO_BALL (NUMBER_ID, BALL_NUM1, BALL_NUM2, BALL_NUM3, BALL_NUM4, BALL_NUM5, BALL_NUM6, NUMBER_WEIGHT) VALUES (136, 1, 2, 3, 4, 8, 35, 0);
INSERT INTO LOTTO_BALL (NUMBER_ID, BALL_NUM1, BALL_NUM2, BALL_NUM3, BALL_NUM4, BALL_NUM5, BALL_NUM6, NUMBER_WEIGHT) VALUES (137, 1, 2, 3, 4, 8, 44, 0);
INSERT INTO LOTTO_BALL (NUMBER_ID, BALL_NUM1, BALL_NUM2, BALL_NUM3, BALL_NUM4, BALL_NUM5, BALL_NUM6, NUMBER_WEIGHT) VALUES (138, 1, 2, 3, 4, 7, 32, 0);
INSERT INTO LOTTO_BALL (NUMBER_ID, BALL_NUM1, BALL_NUM2, BALL_NUM3, BALL_NUM4, BALL_NUM5, BALL_NUM6, NUMBER_WEIGHT) VALUES (139, 1, 2, 3, 4, 9, 10, 0);
INSERT INTO LOTTO_BALL (NUMBER_ID, BALL_NUM1, BALL_NUM2, BALL_NUM3, BALL_NUM4, BALL_NUM5, BALL_NUM6, NUMBER_WEIGHT) VALUES (140, 1, 2, 3, 4, 7, 34, 0);
INSERT INTO LOTTO_BALL (NUMBER_ID, BALL_NUM1, BALL_NUM2, BALL_NUM3, BALL_NUM4, BALL_NUM5, BALL_NUM6, NUMBER_WEIGHT) VALUES (141, 1, 2, 3, 4, 9, 12, 0);
INSERT INTO LOTTO_BALL (NUMBER_ID, BALL_NUM1, BALL_NUM2, BALL_NUM3, BALL_NUM4, BALL_NUM5, BALL_NUM6, NUMBER_WEIGHT) VALUES (142, 1, 2, 3, 4, 9, 14, 0);
INSERT INTO LOTTO_BALL (NUMBER_ID, BALL_NUM1, BALL_NUM2, BALL_NUM3, BALL_NUM4, BALL_NUM5, BALL_NUM6, NUMBER_WEIGHT) VALUES (143, 1, 2, 3, 4, 8, 36, 0);
INSERT INTO LOTTO_BALL (NUMBER_ID, BALL_NUM1, BALL_NUM2, BALL_NUM3, BALL_NUM4, BALL_NUM5, BALL_NUM6, NUMBER_WEIGHT) VALUES (144, 1, 2, 3, 4, 9, 16, 0);
INSERT INTO LOTTO_BALL (NUMBER_ID, BALL_NUM1, BALL_NUM2, BALL_NUM3, BALL_NUM4, BALL_NUM5, BALL_NUM6, NUMBER_WEIGHT) VALUES (145, 1, 2, 3, 4, 9, 19, 0);
INSERT INTO LOTTO_BALL (NUMBER_ID, BALL_NUM1, BALL_NUM2, BALL_NUM3, BALL_NUM4, BALL_NUM5, BALL_NUM6, NUMBER_WEIGHT) VALUES (146, 1, 2, 3, 4, 7, 37, 0);
INSERT INTO LOTTO_BALL (NUMBER_ID, BALL_NUM1, BALL_NUM2, BALL_NUM3, BALL_NUM4, BALL_NUM5, BALL_NUM6, NUMBER_WEIGHT) VALUES (147, 1, 2, 3, 4, 9, 20, 0);
INSERT INTO LOTTO_BALL (NUMBER_ID, BALL_NUM1, BALL_NUM2, BALL_NUM3, BALL_NUM4, BALL_NUM5, BALL_NUM6, NUMBER_WEIGHT) VALUES (148, 1, 2, 3, 4, 9, 22, 0);
INSERT INTO LOTTO_BALL (NUMBER_ID, BALL_NUM1, BALL_NUM2, BALL_NUM3, BALL_NUM4, BALL_NUM5, BALL_NUM6, NUMBER_WEIGHT) VALUES (149, 1, 2, 3, 4, 7, 41, 0);
INSERT INTO LOTTO_BALL (NUMBER_ID, BALL_NUM1, BALL_NUM2, BALL_NUM3, BALL_NUM4, BALL_NUM5, BALL_NUM6, NUMBER_WEIGHT) VALUES (150, 1, 2, 3, 4, 9, 26, 0);
INSERT INTO LOTTO_BALL (NUMBER_ID, BALL_NUM1, BALL_NUM2, BALL_NUM3, BALL_NUM4, BALL_NUM5, BALL_NUM6, NUMBER_WEIGHT) VALUES (151, 1, 2, 3, 4, 9, 24, 0);
INSERT INTO LOTTO_BALL (NUMBER_ID, BALL_NUM1, BALL_NUM2, BALL_NUM3, BALL_NUM4, BALL_NUM5, BALL_NUM6, NUMBER_WEIGHT) VALUES (152, 1, 2, 3, 4, 7, 45, 0);
INSERT INTO LOTTO_BALL (NUMBER_ID, BALL_NUM1, BALL_NUM2, BALL_NUM3, BALL_NUM4, BALL_NUM5, BALL_NUM6, NUMBER_WEIGHT) VALUES (153, 1, 2, 3, 4, 9, 28, 0);
INSERT INTO LOTTO_BALL (NUMBER_ID, BALL_NUM1, BALL_NUM2, BALL_NUM3, BALL_NUM4, BALL_NUM5, BALL_NUM6, NUMBER_WEIGHT) VALUES (154, 1, 2, 3, 4, 9, 30, 0);
INSERT INTO LOTTO_BALL (NUMBER_ID, BALL_NUM1, BALL_NUM2, BALL_NUM3, BALL_NUM4, BALL_NUM5, BALL_NUM6, NUMBER_WEIGHT) VALUES (155, 1, 2, 3, 4, 9, 32, 0);
INSERT INTO LOTTO_BALL (NUMBER_ID, BALL_NUM1, BALL_NUM2, BALL_NUM3, BALL_NUM4, BALL_NUM5, BALL_NUM6, NUMBER_WEIGHT) VALUES (156, 1, 2, 3, 4, 8, 12, 0);
INSERT INTO LOTTO_BALL (NUMBER_ID, BALL_NUM1, BALL_NUM2, BALL_NUM3, BALL_NUM4, BALL_NUM5, BALL_NUM6, NUMBER_WEIGHT) VALUES (157, 1, 2, 3, 4, 9, 34, 0);
INSERT INTO LOTTO_BALL (NUMBER_ID, BALL_NUM1, BALL_NUM2, BALL_NUM3, BALL_NUM4, BALL_NUM5, BALL_NUM6, NUMBER_WEIGHT) VALUES (158, 1, 2, 3, 4, 8, 41, 0);
INSERT INTO LOTTO_BALL (NUMBER_ID, BALL_NUM1, BALL_NUM2, BALL_NUM3, BALL_NUM4, BALL_NUM5, BALL_NUM6, NUMBER_WEIGHT) VALUES (159, 1, 2, 3, 4, 8, 15, 0);
INSERT INTO LOTTO_BALL (NUMBER_ID, BALL_NUM1, BALL_NUM2, BALL_NUM3, BALL_NUM4, BALL_NUM5, BALL_NUM6, NUMBER_WEIGHT) VALUES (160, 1, 2, 3, 4, 8, 45, 0);
INSERT INTO LOTTO_BALL (NUMBER_ID, BALL_NUM1, BALL_NUM2, BALL_NUM3, BALL_NUM4, BALL_NUM5, BALL_NUM6, NUMBER_WEIGHT) VALUES (161, 1, 2, 3, 4, 9, 38, 0);
INSERT INTO LOTTO_BALL (NUMBER_ID, BALL_NUM1, BALL_NUM2, BALL_NUM3, BALL_NUM4, BALL_NUM5, BALL_NUM6, NUMBER_WEIGHT) VALUES (162, 1, 2, 3, 4, 9, 36, 0);
INSERT INTO LOTTO_BALL (NUMBER_ID, BALL_NUM1, BALL_NUM2, BALL_NUM3, BALL_NUM4, BALL_NUM5, BALL_NUM6, NUMBER_WEIGHT) VALUES (163, 1, 2, 3, 4, 9, 13, 0);
INSERT INTO LOTTO_BALL (NUMBER_ID, BALL_NUM1, BALL_NUM2, BALL_NUM3, BALL_NUM4, BALL_NUM5, BALL_NUM6, NUMBER_WEIGHT) VALUES (164, 1, 2, 3, 4, 8, 19, 0);
INSERT INTO LOTTO_BALL (NUMBER_ID, BALL_NUM1, BALL_NUM2, BALL_NUM3, BALL_NUM4, BALL_NUM5, BALL_NUM6, NUMBER_WEIGHT) VALUES (165, 1, 2, 3, 4, 9, 40, 0);
INSERT INTO LOTTO_BALL (NUMBER_ID, BALL_NUM1, BALL_NUM2, BALL_NUM3, BALL_NUM4, BALL_NUM5, BALL_NUM6, NUMBER_WEIGHT) VALUES (166, 1, 2, 3, 4, 9, 41, 0);
INSERT INTO LOTTO_BALL (NUMBER_ID, BALL_NUM1, BALL_NUM2, BALL_NUM3, BALL_NUM4, BALL_NUM5, BALL_NUM6, NUMBER_WEIGHT) VALUES (167, 1, 2, 3, 4, 9, 44, 0);
INSERT INTO LOTTO_BALL (NUMBER_ID, BALL_NUM1, BALL_NUM2, BALL_NUM3, BALL_NUM4, BALL_NUM5, BALL_NUM6, NUMBER_WEIGHT) VALUES (168, 1, 2, 3, 4, 9, 45, 0);
INSERT INTO LOTTO_BALL (NUMBER_ID, BALL_NUM1, BALL_NUM2, BALL_NUM3, BALL_NUM4, BALL_NUM5, BALL_NUM6, NUMBER_WEIGHT) VALUES (169, 1, 2, 3, 4, 9, 17, 0);
INSERT INTO LOTTO_BALL (NUMBER_ID, BALL_NUM1, BALL_NUM2, BALL_NUM3, BALL_NUM4, BALL_NUM5, BALL_NUM6, NUMBER_WEIGHT) VALUES (170, 1, 2, 3, 4, 8, 23, 0);
INSERT INTO LOTTO_BALL (NUMBER_ID, BALL_NUM1, BALL_NUM2, BALL_NUM3, BALL_NUM4, BALL_NUM5, BALL_NUM6, NUMBER_WEIGHT) VALUES (171, 1, 2, 3, 4, 9, 21, 0);
INSERT INTO LOTTO_BALL (NUMBER_ID, BALL_NUM1, BALL_NUM2, BALL_NUM3, BALL_NUM4, BALL_NUM5, BALL_NUM6, NUMBER_WEIGHT) VALUES (172, 1, 2, 3, 4, 9, 25, 0);
INSERT INTO LOTTO_BALL (NUMBER_ID, BALL_NUM1, BALL_NUM2, BALL_NUM3, BALL_NUM4, BALL_NUM5, BALL_NUM6, NUMBER_WEIGHT) VALUES (173, 1, 2, 3, 4, 10, 13, 0);
INSERT INTO LOTTO_BALL (NUMBER_ID, BALL_NUM1, BALL_NUM2, BALL_NUM3, BALL_NUM4, BALL_NUM5, BALL_NUM6, NUMBER_WEIGHT) VALUES (174, 1, 2, 3, 4, 9, 29, 0);
INSERT INTO LOTTO_BALL (NUMBER_ID, BALL_NUM1, BALL_NUM2, BALL_NUM3, BALL_NUM4, BALL_NUM5, BALL_NUM6, NUMBER_WEIGHT) VALUES (175, 1, 2, 3, 4, 9, 33, 0);
INSERT INTO LOTTO_BALL (NUMBER_ID, BALL_NUM1, BALL_NUM2, BALL_NUM3, BALL_NUM4, BALL_NUM5, BALL_NUM6, NUMBER_WEIGHT) VALUES (176, 1, 2, 3, 4, 8, 27, 0);
INSERT INTO LOTTO_BALL (NUMBER_ID, BALL_NUM1, BALL_NUM2, BALL_NUM3, BALL_NUM4, BALL_NUM5, BALL_NUM6, NUMBER_WEIGHT) VALUES (177, 1, 2, 3, 4, 10, 17, 0);
INSERT INTO LOTTO_BALL (NUMBER_ID, BALL_NUM1, BALL_NUM2, BALL_NUM3, BALL_NUM4, BALL_NUM5, BALL_NUM6, NUMBER_WEIGHT) VALUES (178, 1, 2, 3, 4, 9, 37, 0);
INSERT INTO LOTTO_BALL (NUMBER_ID, BALL_NUM1, BALL_NUM2, BALL_NUM3, BALL_NUM4, BALL_NUM5, BALL_NUM6, NUMBER_WEIGHT) VALUES (179, 1, 2, 3, 4, 10, 14, 0);
INSERT INTO LOTTO_BALL (NUMBER_ID, BALL_NUM1, BALL_NUM2, BALL_NUM3, BALL_NUM4, BALL_NUM5, BALL_NUM6, NUMBER_WEIGHT) VALUES (180, 1, 2, 3, 4, 10, 18, 0);
INSERT INTO LOTTO_BALL (NUMBER_ID, BALL_NUM1, BALL_NUM2, BALL_NUM3, BALL_NUM4, BALL_NUM5, BALL_NUM6, NUMBER_WEIGHT) VALUES (181, 1, 2, 3, 4, 8, 29, 0);
INSERT INTO LOTTO_BALL (NUMBER_ID, BALL_NUM1, BALL_NUM2, BALL_NUM3, BALL_NUM4, BALL_NUM5, BALL_NUM6, NUMBER_WEIGHT) VALUES (182, 1, 2, 3, 4, 10, 20, 0);
INSERT INTO LOTTO_BALL (NUMBER_ID, BALL_NUM1, BALL_NUM2, BALL_NUM3, BALL_NUM4, BALL_NUM5, BALL_NUM6, NUMBER_WEIGHT) VALUES (183, 1, 2, 3, 4, 9, 42, 0);
INSERT INTO LOTTO_BALL (NUMBER_ID, BALL_NUM1, BALL_NUM2, BALL_NUM3, BALL_NUM4, BALL_NUM5, BALL_NUM6, NUMBER_WEIGHT) VALUES (184, 1, 2, 3, 4, 8, 32, 0);
INSERT INTO LOTTO_BALL (NUMBER_ID, BALL_NUM1, BALL_NUM2, BALL_NUM3, BALL_NUM4, BALL_NUM5, BALL_NUM6, NUMBER_WEIGHT) VALUES (185, 1, 2, 3, 4, 10, 22, 0);
INSERT INTO LOTTO_BALL (NUMBER_ID, BALL_NUM1, BALL_NUM2, BALL_NUM3, BALL_NUM4, BALL_NUM5, BALL_NUM6, NUMBER_WEIGHT) VALUES (186, 1, 2, 3, 4, 10, 24, 0);
INSERT INTO LOTTO_BALL (NUMBER_ID, BALL_NUM1, BALL_NUM2, BALL_NUM3, BALL_NUM4, BALL_NUM5, BALL_NUM6, NUMBER_WEIGHT) VALUES (187, 1, 2, 3, 4, 10, 12, 0);
INSERT INTO LOTTO_BALL (NUMBER_ID, BALL_NUM1, BALL_NUM2, BALL_NUM3, BALL_NUM4, BALL_NUM5, BALL_NUM6, NUMBER_WEIGHT) VALUES (188, 1, 2, 3, 4, 8, 39, 0);
INSERT INTO LOTTO_BALL (NUMBER_ID, BALL_NUM1, BALL_NUM2, BALL_NUM3, BALL_NUM4, BALL_NUM5, BALL_NUM6, NUMBER_WEIGHT) VALUES (189, 1, 2, 3, 4, 10, 26, 0);
INSERT INTO LOTTO_BALL (NUMBER_ID, BALL_NUM1, BALL_NUM2, BALL_NUM3, BALL_NUM4, BALL_NUM5, BALL_NUM6, NUMBER_WEIGHT) VALUES (190, 1, 2, 3, 4, 10, 16, 0);
INSERT INTO LOTTO_BALL (NUMBER_ID, BALL_NUM1, BALL_NUM2, BALL_NUM3, BALL_NUM4, BALL_NUM5, BALL_NUM6, NUMBER_WEIGHT) VALUES (191, 1, 2, 3, 4, 8, 43, 0);
INSERT INTO LOTTO_BALL (NUMBER_ID, BALL_NUM1, BALL_NUM2, BALL_NUM3, BALL_NUM4, BALL_NUM5, BALL_NUM6, NUMBER_WEIGHT) VALUES (192, 1, 2, 3, 4, 10, 30, 0);
INSERT INTO LOTTO_BALL (NUMBER_ID, BALL_NUM1, BALL_NUM2, BALL_NUM3, BALL_NUM4, BALL_NUM5, BALL_NUM6, NUMBER_WEIGHT) VALUES (193, 1, 2, 3, 4, 10, 28, 0);
INSERT INTO LOTTO_BALL (NUMBER_ID, BALL_NUM1, BALL_NUM2, BALL_NUM3, BALL_NUM4, BALL_NUM5, BALL_NUM6, NUMBER_WEIGHT) VALUES (194, 1, 2, 3, 4, 10, 34, 0);
INSERT INTO LOTTO_BALL (NUMBER_ID, BALL_NUM1, BALL_NUM2, BALL_NUM3, BALL_NUM4, BALL_NUM5, BALL_NUM6, NUMBER_WEIGHT) VALUES (195, 1, 2, 3, 4, 10, 21, 0);
INSERT INTO LOTTO_BALL (NUMBER_ID, BALL_NUM1, BALL_NUM2, BALL_NUM3, BALL_NUM4, BALL_NUM5, BALL_NUM6, NUMBER_WEIGHT) VALUES (196, 1, 2, 3, 4, 10, 32, 0);
INSERT INTO LOTTO_BALL (NUMBER_ID, BALL_NUM1, BALL_NUM2, BALL_NUM3, BALL_NUM4, BALL_NUM5, BALL_NUM6, NUMBER_WEIGHT) VALUES (197, 1, 2, 3, 4, 9, 11, 0);
INSERT INTO LOTTO_BALL (NUMBER_ID, BALL_NUM1, BALL_NUM2, BALL_NUM3, BALL_NUM4, BALL_NUM5, BALL_NUM6, NUMBER_WEIGHT) VALUES (198, 1, 2, 3, 4, 10, 36, 0);
INSERT INTO LOTTO_BALL (NUMBER_ID, BALL_NUM1, BALL_NUM2, BALL_NUM3, BALL_NUM4, BALL_NUM5, BALL_NUM6, NUMBER_WEIGHT) VALUES (199, 1, 2, 3, 4, 9, 15, 0);
INSERT INTO LOTTO_BALL (NUMBER_ID, BALL_NUM1, BALL_NUM2, BALL_NUM3, BALL_NUM4, BALL_NUM5, BALL_NUM6, NUMBER_WEIGHT) VALUES (200, 1, 2, 3, 4, 10, 38, 0);
INSERT INTO LOTTO_BALL (NUMBER_ID, BALL_NUM1, BALL_NUM2, BALL_NUM3, BALL_NUM4, BALL_NUM5, BALL_NUM6, NUMBER_WEIGHT) VALUES (201, 1, 2, 3, 4, 9, 18, 0);
INSERT INTO LOTTO_BALL (NUMBER_ID, BALL_NUM1, BALL_NUM2, BALL_NUM3, BALL_NUM4, BALL_NUM5, BALL_NUM6, NUMBER_WEIGHT) VALUES (202, 1, 2, 3, 4, 10, 40, 0);
INSERT INTO LOTTO_BALL (NUMBER_ID, BALL_NUM1, BALL_NUM2, BALL_NUM3, BALL_NUM4, BALL_NUM5, BALL_NUM6, NUMBER_WEIGHT) VALUES (203, 1, 2, 3, 4, 10, 43, 0);
INSERT INTO LOTTO_BALL (NUMBER_ID, BALL_NUM1, BALL_NUM2, BALL_NUM3, BALL_NUM4, BALL_NUM5, BALL_NUM6, NUMBER_WEIGHT) VALUES (204, 1, 2, 3, 4, 9, 23, 0);
INSERT INTO LOTTO_BALL (NUMBER_ID, BALL_NUM1, BALL_NUM2, BALL_NUM3, BALL_NUM4, BALL_NUM5, BALL_NUM6, NUMBER_WEIGHT) VALUES (205, 1, 2, 3, 4, 10, 44, 0);
INSERT INTO LOTTO_BALL (NUMBER_ID, BALL_NUM1, BALL_NUM2, BALL_NUM3, BALL_NUM4, BALL_NUM5, BALL_NUM6, NUMBER_WEIGHT) VALUES (206, 1, 2, 3, 4, 11, 20, 0);
INSERT INTO LOTTO_BALL (NUMBER_ID, BALL_NUM1, BALL_NUM2, BALL_NUM3, BALL_NUM4, BALL_NUM5, BALL_NUM6, NUMBER_WEIGHT) VALUES (207, 1, 2, 3, 4, 9, 27, 0);
INSERT INTO LOTTO_BALL (NUMBER_ID, BALL_NUM1, BALL_NUM2, BALL_NUM3, BALL_NUM4, BALL_NUM5, BALL_NUM6, NUMBER_WEIGHT) VALUES (208, 1, 2, 3, 4, 11, 13, 0);
INSERT INTO LOTTO_BALL (NUMBER_ID, BALL_NUM1, BALL_NUM2, BALL_NUM3, BALL_NUM4, BALL_NUM5, BALL_NUM6, NUMBER_WEIGHT) VALUES (209, 1, 2, 3, 4, 11, 24, 0);
INSERT INTO LOTTO_BALL (NUMBER_ID, BALL_NUM1, BALL_NUM2, BALL_NUM3, BALL_NUM4, BALL_NUM5, BALL_NUM6, NUMBER_WEIGHT) VALUES (210, 1, 2, 3, 4, 9, 31, 0);
INSERT INTO LOTTO_BALL (NUMBER_ID, BALL_NUM1, BALL_NUM2, BALL_NUM3, BALL_NUM4, BALL_NUM5, BALL_NUM6, NUMBER_WEIGHT) VALUES (211, 1, 2, 3, 4, 10, 25, 0);
INSERT INTO LOTTO_BALL (NUMBER_ID, BALL_NUM1, BALL_NUM2, BALL_NUM3, BALL_NUM4, BALL_NUM5, BALL_NUM6, NUMBER_WEIGHT) VALUES (212, 1, 2, 3, 4, 10, 29, 0);
INSERT INTO LOTTO_BALL (NUMBER_ID, BALL_NUM1, BALL_NUM2, BALL_NUM3, BALL_NUM4, BALL_NUM5, BALL_NUM6, NUMBER_WEIGHT) VALUES (213, 1, 2, 3, 4, 11, 16, 0);
INSERT INTO LOTTO_BALL (NUMBER_ID, BALL_NUM1, BALL_NUM2, BALL_NUM3, BALL_NUM4, BALL_NUM5, BALL_NUM6, NUMBER_WEIGHT) VALUES (214, 1, 2, 3, 4, 10, 33, 0);
INSERT INTO LOTTO_BALL (NUMBER_ID, BALL_NUM1, BALL_NUM2, BALL_NUM3, BALL_NUM4, BALL_NUM5, BALL_NUM6, NUMBER_WEIGHT) VALUES (215, 1, 2, 3, 4, 11, 28, 0);
INSERT INTO LOTTO_BALL (NUMBER_ID, BALL_NUM1, BALL_NUM2, BALL_NUM3, BALL_NUM4, BALL_NUM5, BALL_NUM6, NUMBER_WEIGHT) VALUES (216, 1, 2, 3, 4, 9, 35, 0);
INSERT INTO LOTTO_BALL (NUMBER_ID, BALL_NUM1, BALL_NUM2, BALL_NUM3, BALL_NUM4, BALL_NUM5, BALL_NUM6, NUMBER_WEIGHT) VALUES (217, 1, 2, 3, 4, 10, 37, 0);
INSERT INTO LOTTO_BALL (NUMBER_ID, BALL_NUM1, BALL_NUM2, BALL_NUM3, BALL_NUM4, BALL_NUM5, BALL_NUM6, NUMBER_WEIGHT) VALUES (218, 1, 2, 3, 4, 10, 41, 0);
INSERT INTO LOTTO_BALL (NUMBER_ID, BALL_NUM1, BALL_NUM2, BALL_NUM3, BALL_NUM4, BALL_NUM5, BALL_NUM6, NUMBER_WEIGHT) VALUES (219, 1, 2, 3, 4, 11, 32, 0);
INSERT INTO LOTTO_BALL (NUMBER_ID, BALL_NUM1, BALL_NUM2, BALL_NUM3, BALL_NUM4, BALL_NUM5, BALL_NUM6, NUMBER_WEIGHT) VALUES (220, 1, 2, 3, 4, 11, 12, 0);
INSERT INTO LOTTO_BALL (NUMBER_ID, BALL_NUM1, BALL_NUM2, BALL_NUM3, BALL_NUM4, BALL_NUM5, BALL_NUM6, NUMBER_WEIGHT) VALUES (221, 1, 2, 3, 4, 11, 19, 0);
INSERT INTO LOTTO_BALL (NUMBER_ID, BALL_NUM1, BALL_NUM2, BALL_NUM3, BALL_NUM4, BALL_NUM5, BALL_NUM6, NUMBER_WEIGHT) VALUES (222, 1, 2, 3, 4, 9, 39, 0);
INSERT INTO LOTTO_BALL (NUMBER_ID, BALL_NUM1, BALL_NUM2, BALL_NUM3, BALL_NUM4, BALL_NUM5, BALL_NUM6, NUMBER_WEIGHT) VALUES (223, 1, 2, 3, 4, 11, 15, 0);
INSERT INTO LOTTO_BALL (NUMBER_ID, BALL_NUM1, BALL_NUM2, BALL_NUM3, BALL_NUM4, BALL_NUM5, BALL_NUM6, NUMBER_WEIGHT) VALUES (224, 1, 2, 3, 4, 11, 23, 0);
INSERT INTO LOTTO_BALL (NUMBER_ID, BALL_NUM1, BALL_NUM2, BALL_NUM3, BALL_NUM4, BALL_NUM5, BALL_NUM6, NUMBER_WEIGHT) VALUES (225, 1, 2, 3, 4, 11, 35, 0);
INSERT INTO LOTTO_BALL (NUMBER_ID, BALL_NUM1, BALL_NUM2, BALL_NUM3, BALL_NUM4, BALL_NUM5, BALL_NUM6, NUMBER_WEIGHT) VALUES (226, 1, 2, 3, 4, 11, 27, 0);
INSERT INTO LOTTO_BALL (NUMBER_ID, BALL_NUM1, BALL_NUM2, BALL_NUM3, BALL_NUM4, BALL_NUM5, BALL_NUM6, NUMBER_WEIGHT) VALUES (227, 1, 2, 3, 4, 11, 18, 0);
INSERT INTO LOTTO_BALL (NUMBER_ID, BALL_NUM1, BALL_NUM2, BALL_NUM3, BALL_NUM4, BALL_NUM5, BALL_NUM6, NUMBER_WEIGHT) VALUES (228, 1, 2, 3, 4, 9, 43, 0);
INSERT INTO LOTTO_BALL (NUMBER_ID, BALL_NUM1, BALL_NUM2, BALL_NUM3, BALL_NUM4, BALL_NUM5, BALL_NUM6, NUMBER_WEIGHT) VALUES (229, 1, 2, 3, 4, 11, 30, 0);
INSERT INTO LOTTO_BALL (NUMBER_ID, BALL_NUM1, BALL_NUM2, BALL_NUM3, BALL_NUM4, BALL_NUM5, BALL_NUM6, NUMBER_WEIGHT) VALUES (230, 1, 2, 3, 4, 10, 11, 0);
INSERT INTO LOTTO_BALL (NUMBER_ID, BALL_NUM1, BALL_NUM2, BALL_NUM3, BALL_NUM4, BALL_NUM5, BALL_NUM6, NUMBER_WEIGHT) VALUES (231, 1, 2, 3, 4, 11, 22, 0);
INSERT INTO LOTTO_BALL (NUMBER_ID, BALL_NUM1, BALL_NUM2, BALL_NUM3, BALL_NUM4, BALL_NUM5, BALL_NUM6, NUMBER_WEIGHT) VALUES (232, 1, 2, 3, 4, 11, 26, 0);
INSERT INTO LOTTO_BALL (NUMBER_ID, BALL_NUM1, BALL_NUM2, BALL_NUM3, BALL_NUM4, BALL_NUM5, BALL_NUM6, NUMBER_WEIGHT) VALUES (233, 1, 2, 3, 4, 10, 15, 0);
INSERT INTO LOTTO_BALL (NUMBER_ID, BALL_NUM1, BALL_NUM2, BALL_NUM3, BALL_NUM4, BALL_NUM5, BALL_NUM6, NUMBER_WEIGHT) VALUES (234, 1, 2, 3, 4, 11, 34, 0);
INSERT INTO LOTTO_BALL (NUMBER_ID, BALL_NUM1, BALL_NUM2, BALL_NUM3, BALL_NUM4, BALL_NUM5, BALL_NUM6, NUMBER_WEIGHT) VALUES (235, 1, 2, 3, 4, 10, 19, 0);
INSERT INTO LOTTO_BALL (NUMBER_ID, BALL_NUM1, BALL_NUM2, BALL_NUM3, BALL_NUM4, BALL_NUM5, BALL_NUM6, NUMBER_WEIGHT) VALUES (236, 1, 2, 3, 4, 11, 38, 0);
INSERT INTO LOTTO_BALL (NUMBER_ID, BALL_NUM1, BALL_NUM2, BALL_NUM3, BALL_NUM4, BALL_NUM5, BALL_NUM6, NUMBER_WEIGHT) VALUES (237, 1, 2, 3, 4, 11, 29, 0);
INSERT INTO LOTTO_BALL (NUMBER_ID, BALL_NUM1, BALL_NUM2, BALL_NUM3, BALL_NUM4, BALL_NUM5, BALL_NUM6, NUMBER_WEIGHT) VALUES (238, 1, 2, 3, 4, 11, 39, 0);
INSERT INTO LOTTO_BALL (NUMBER_ID, BALL_NUM1, BALL_NUM2, BALL_NUM3, BALL_NUM4, BALL_NUM5, BALL_NUM6, NUMBER_WEIGHT) VALUES (239, 1, 2, 3, 4, 11, 42, 0);
INSERT INTO LOTTO_BALL (NUMBER_ID, BALL_NUM1, BALL_NUM2, BALL_NUM3, BALL_NUM4, BALL_NUM5, BALL_NUM6, NUMBER_WEIGHT) VALUES (240, 1, 2, 3, 4, 11, 43, 0);
INSERT INTO LOTTO_BALL (NUMBER_ID, BALL_NUM1, BALL_NUM2, BALL_NUM3, BALL_NUM4, BALL_NUM5, BALL_NUM6, NUMBER_WEIGHT) VALUES (241, 1, 2, 3, 4, 11, 36, 0);
INSERT INTO LOTTO_BALL (NUMBER_ID, BALL_NUM1, BALL_NUM2, BALL_NUM3, BALL_NUM4, BALL_NUM5, BALL_NUM6, NUMBER_WEIGHT) VALUES (242, 1, 2, 3, 4, 12, 14, 0);
INSERT INTO LOTTO_BALL (NUMBER_ID, BALL_NUM1, BALL_NUM2, BALL_NUM3, BALL_NUM4, BALL_NUM5, BALL_NUM6, NUMBER_WEIGHT) VALUES (243, 1, 2, 3, 4, 10, 23, 0);
INSERT INTO LOTTO_BALL (NUMBER_ID, BALL_NUM1, BALL_NUM2, BALL_NUM3, BALL_NUM4, BALL_NUM5, BALL_NUM6, NUMBER_WEIGHT) VALUES (244, 1, 2, 3, 4, 12, 18, 0);
INSERT INTO LOTTO_BALL (NUMBER_ID, BALL_NUM1, BALL_NUM2, BALL_NUM3, BALL_NUM4, BALL_NUM5, BALL_NUM6, NUMBER_WEIGHT) VALUES (245, 1, 2, 3, 4, 10, 27, 0);
INSERT INTO LOTTO_BALL (NUMBER_ID, BALL_NUM1, BALL_NUM2, BALL_NUM3, BALL_NUM4, BALL_NUM5, BALL_NUM6, NUMBER_WEIGHT) VALUES (246, 1, 2, 3, 4, 11, 40, 0);
INSERT INTO LOTTO_BALL (NUMBER_ID, BALL_NUM1, BALL_NUM2, BALL_NUM3, BALL_NUM4, BALL_NUM5, BALL_NUM6, NUMBER_WEIGHT) VALUES (247, 1, 2, 3, 4, 12, 13, 0);
INSERT INTO LOTTO_BALL (NUMBER_ID, BALL_NUM1, BALL_NUM2, BALL_NUM3, BALL_NUM4, BALL_NUM5, BALL_NUM6, NUMBER_WEIGHT) VALUES (248, 1, 2, 3, 4, 12, 22, 0);
INSERT INTO LOTTO_BALL (NUMBER_ID, BALL_NUM1, BALL_NUM2, BALL_NUM3, BALL_NUM4, BALL_NUM5, BALL_NUM6, NUMBER_WEIGHT) VALUES (249, 1, 2, 3, 4, 11, 45, 0);
INSERT INTO LOTTO_BALL (NUMBER_ID, BALL_NUM1, BALL_NUM2, BALL_NUM3, BALL_NUM4, BALL_NUM5, BALL_NUM6, NUMBER_WEIGHT) VALUES (250, 1, 2, 3, 4, 12, 24, 0);
INSERT INTO LOTTO_BALL (NUMBER_ID, BALL_NUM1, BALL_NUM2, BALL_NUM3, BALL_NUM4, BALL_NUM5, BALL_NUM6, NUMBER_WEIGHT) VALUES (251, 1, 2, 3, 4, 10, 31, 0);
INSERT INTO LOTTO_BALL (NUMBER_ID, BALL_NUM1, BALL_NUM2, BALL_NUM3, BALL_NUM4, BALL_NUM5, BALL_NUM6, NUMBER_WEIGHT) VALUES (252, 1, 2, 3, 4, 12, 17, 0);
INSERT INTO LOTTO_BALL (NUMBER_ID, BALL_NUM1, BALL_NUM2, BALL_NUM3, BALL_NUM4, BALL_NUM5, BALL_NUM6, NUMBER_WEIGHT) VALUES (253, 1, 2, 3, 4, 12, 30, 0);
INSERT INTO LOTTO_BALL (NUMBER_ID, BALL_NUM1, BALL_NUM2, BALL_NUM3, BALL_NUM4, BALL_NUM5, BALL_NUM6, NUMBER_WEIGHT) VALUES (254, 1, 2, 3, 4, 12, 21, 0);
INSERT INTO LOTTO_BALL (NUMBER_ID, BALL_NUM1, BALL_NUM2, BALL_NUM3, BALL_NUM4, BALL_NUM5, BALL_NUM6, NUMBER_WEIGHT) VALUES (255, 1, 2, 3, 4, 12, 16, 0);
INSERT INTO LOTTO_BALL (NUMBER_ID, BALL_NUM1, BALL_NUM2, BALL_NUM3, BALL_NUM4, BALL_NUM5, BALL_NUM6, NUMBER_WEIGHT) VALUES (256, 1, 2, 3, 4, 12, 32, 0);
INSERT INTO LOTTO_BALL (NUMBER_ID, BALL_NUM1, BALL_NUM2, BALL_NUM3, BALL_NUM4, BALL_NUM5, BALL_NUM6, NUMBER_WEIGHT) VALUES (257, 1, 2, 3, 4, 12, 26, 0);
INSERT INTO LOTTO_BALL (NUMBER_ID, BALL_NUM1, BALL_NUM2, BALL_NUM3, BALL_NUM4, BALL_NUM5, BALL_NUM6, NUMBER_WEIGHT) VALUES (258, 1, 2, 3, 4, 12, 20, 0);
INSERT INTO LOTTO_BALL (NUMBER_ID, BALL_NUM1, BALL_NUM2, BALL_NUM3, BALL_NUM4, BALL_NUM5, BALL_NUM6, NUMBER_WEIGHT) VALUES (259, 1, 2, 3, 4, 12, 29, 0);
INSERT INTO LOTTO_BALL (NUMBER_ID, BALL_NUM1, BALL_NUM2, BALL_NUM3, BALL_NUM4, BALL_NUM5, BALL_NUM6, NUMBER_WEIGHT) VALUES (260, 1, 2, 3, 4, 12, 38, 0);
INSERT INTO LOTTO_BALL (NUMBER_ID, BALL_NUM1, BALL_NUM2, BALL_NUM3, BALL_NUM4, BALL_NUM5, BALL_NUM6, NUMBER_WEIGHT) VALUES (261, 1, 2, 3, 4, 12, 25, 0);
INSERT INTO LOTTO_BALL (NUMBER_ID, BALL_NUM1, BALL_NUM2, BALL_NUM3, BALL_NUM4, BALL_NUM5, BALL_NUM6, NUMBER_WEIGHT) VALUES (262, 1, 2, 3, 4, 10, 35, 0);
INSERT INTO LOTTO_BALL (NUMBER_ID, BALL_NUM1, BALL_NUM2, BALL_NUM3, BALL_NUM4, BALL_NUM5, BALL_NUM6, NUMBER_WEIGHT) VALUES (263, 1, 2, 3, 4, 12, 33, 0);
INSERT INTO LOTTO_BALL (NUMBER_ID, BALL_NUM1, BALL_NUM2, BALL_NUM3, BALL_NUM4, BALL_NUM5, BALL_NUM6, NUMBER_WEIGHT) VALUES (264, 1, 2, 3, 4, 10, 39, 0);
INSERT INTO LOTTO_BALL (NUMBER_ID, BALL_NUM1, BALL_NUM2, BALL_NUM3, BALL_NUM4, BALL_NUM5, BALL_NUM6, NUMBER_WEIGHT) VALUES (265, 1, 2, 3, 4, 12, 42, 0);
INSERT INTO LOTTO_BALL (NUMBER_ID, BALL_NUM1, BALL_NUM2, BALL_NUM3, BALL_NUM4, BALL_NUM5, BALL_NUM6, NUMBER_WEIGHT) VALUES (266, 1, 2, 3, 4, 10, 42, 0);
INSERT INTO LOTTO_BALL (NUMBER_ID, BALL_NUM1, BALL_NUM2, BALL_NUM3, BALL_NUM4, BALL_NUM5, BALL_NUM6, NUMBER_WEIGHT) VALUES (267, 1, 2, 3, 4, 12, 45, 0);
INSERT INTO LOTTO_BALL (NUMBER_ID, BALL_NUM1, BALL_NUM2, BALL_NUM3, BALL_NUM4, BALL_NUM5, BALL_NUM6, NUMBER_WEIGHT) VALUES (268, 1, 2, 3, 4, 10, 45, 0);
INSERT INTO LOTTO_BALL (NUMBER_ID, BALL_NUM1, BALL_NUM2, BALL_NUM3, BALL_NUM4, BALL_NUM5, BALL_NUM6, NUMBER_WEIGHT) VALUES (269, 1, 2, 3, 4, 12, 37, 0);
INSERT INTO LOTTO_BALL (NUMBER_ID, BALL_NUM1, BALL_NUM2, BALL_NUM3, BALL_NUM4, BALL_NUM5, BALL_NUM6, NUMBER_WEIGHT) VALUES (270, 1, 2, 3, 4, 13, 16, 0);
INSERT INTO LOTTO_BALL (NUMBER_ID, BALL_NUM1, BALL_NUM2, BALL_NUM3, BALL_NUM4, BALL_NUM5, BALL_NUM6, NUMBER_WEIGHT) VALUES (271, 1, 2, 3, 4, 11, 14, 0);
INSERT INTO LOTTO_BALL (NUMBER_ID, BALL_NUM1, BALL_NUM2, BALL_NUM3, BALL_NUM4, BALL_NUM5, BALL_NUM6, NUMBER_WEIGHT) VALUES (272, 1, 2, 3, 4, 12, 28, 0);
INSERT INTO LOTTO_BALL (NUMBER_ID, BALL_NUM1, BALL_NUM2, BALL_NUM3, BALL_NUM4, BALL_NUM5, BALL_NUM6, NUMBER_WEIGHT) VALUES (273, 1, 2, 3, 4, 13, 20, 0);
INSERT INTO LOTTO_BALL (NUMBER_ID, BALL_NUM1, BALL_NUM2, BALL_NUM3, BALL_NUM4, BALL_NUM5, BALL_NUM6, NUMBER_WEIGHT) VALUES (274, 1, 2, 3, 4, 12, 34, 0);
INSERT INTO LOTTO_BALL (NUMBER_ID, BALL_NUM1, BALL_NUM2, BALL_NUM3, BALL_NUM4, BALL_NUM5, BALL_NUM6, NUMBER_WEIGHT) VALUES (275, 1, 2, 3, 4, 12, 41, 0);
INSERT INTO LOTTO_BALL (NUMBER_ID, BALL_NUM1, BALL_NUM2, BALL_NUM3, BALL_NUM4, BALL_NUM5, BALL_NUM6, NUMBER_WEIGHT) VALUES (276, 1, 2, 3, 4, 12, 36, 0);
INSERT INTO LOTTO_BALL (NUMBER_ID, BALL_NUM1, BALL_NUM2, BALL_NUM3, BALL_NUM4, BALL_NUM5, BALL_NUM6, NUMBER_WEIGHT) VALUES (277, 1, 2, 3, 4, 13, 14, 0);
INSERT INTO LOTTO_BALL (NUMBER_ID, BALL_NUM1, BALL_NUM2, BALL_NUM3, BALL_NUM4, BALL_NUM5, BALL_NUM6, NUMBER_WEIGHT) VALUES (278, 1, 2, 3, 4, 12, 40, 0);
INSERT INTO LOTTO_BALL (NUMBER_ID, BALL_NUM1, BALL_NUM2, BALL_NUM3, BALL_NUM4, BALL_NUM5, BALL_NUM6, NUMBER_WEIGHT) VALUES (279, 1, 2, 3, 4, 13, 26, 0);
INSERT INTO LOTTO_BALL (NUMBER_ID, BALL_NUM1, BALL_NUM2, BALL_NUM3, BALL_NUM4, BALL_NUM5, BALL_NUM6, NUMBER_WEIGHT) VALUES (280, 1, 2, 3, 4, 13, 29, 0);
INSERT INTO LOTTO_BALL (NUMBER_ID, BALL_NUM1, BALL_NUM2, BALL_NUM3, BALL_NUM4, BALL_NUM5, BALL_NUM6, NUMBER_WEIGHT) VALUES (281, 1, 2, 3, 4, 12, 44, 0);
INSERT INTO LOTTO_BALL (NUMBER_ID, BALL_NUM1, BALL_NUM2, BALL_NUM3, BALL_NUM4, BALL_NUM5, BALL_NUM6, NUMBER_WEIGHT) VALUES (282, 1, 2, 3, 4, 13, 17, 0);
INSERT INTO LOTTO_BALL (NUMBER_ID, BALL_NUM1, BALL_NUM2, BALL_NUM3, BALL_NUM4, BALL_NUM5, BALL_NUM6, NUMBER_WEIGHT) VALUES (283, 1, 2, 3, 4, 13, 34, 0);
INSERT INTO LOTTO_BALL (NUMBER_ID, BALL_NUM1, BALL_NUM2, BALL_NUM3, BALL_NUM4, BALL_NUM5, BALL_NUM6, NUMBER_WEIGHT) VALUES (284, 1, 2, 3, 4, 13, 21, 0);
INSERT INTO LOTTO_BALL (NUMBER_ID, BALL_NUM1, BALL_NUM2, BALL_NUM3, BALL_NUM4, BALL_NUM5, BALL_NUM6, NUMBER_WEIGHT) VALUES (285, 1, 2, 3, 4, 13, 18, 0);
INSERT INTO LOTTO_BALL (NUMBER_ID, BALL_NUM1, BALL_NUM2, BALL_NUM3, BALL_NUM4, BALL_NUM5, BALL_NUM6, NUMBER_WEIGHT) VALUES (286, 1, 2, 3, 4, 11, 17, 0);
INSERT INTO LOTTO_BALL (NUMBER_ID, BALL_NUM1, BALL_NUM2, BALL_NUM3, BALL_NUM4, BALL_NUM5, BALL_NUM6, NUMBER_WEIGHT) VALUES (287, 1, 2, 3, 4, 13, 24, 0);
INSERT INTO LOTTO_BALL (NUMBER_ID, BALL_NUM1, BALL_NUM2, BALL_NUM3, BALL_NUM4, BALL_NUM5, BALL_NUM6, NUMBER_WEIGHT) VALUES (288, 1, 2, 3, 4, 11, 21, 0);
INSERT INTO LOTTO_BALL (NUMBER_ID, BALL_NUM1, BALL_NUM2, BALL_NUM3, BALL_NUM4, BALL_NUM5, BALL_NUM6, NUMBER_WEIGHT) VALUES (289, 1, 2, 3, 4, 13, 38, 0);
INSERT INTO LOTTO_BALL (NUMBER_ID, BALL_NUM1, BALL_NUM2, BALL_NUM3, BALL_NUM4, BALL_NUM5, BALL_NUM6, NUMBER_WEIGHT) VALUES (290, 1, 2, 3, 4, 11, 25, 0);
INSERT INTO LOTTO_BALL (NUMBER_ID, BALL_NUM1, BALL_NUM2, BALL_NUM3, BALL_NUM4, BALL_NUM5, BALL_NUM6, NUMBER_WEIGHT) VALUES (291, 1, 2, 3, 4, 13, 28, 0);
INSERT INTO LOTTO_BALL (NUMBER_ID, BALL_NUM1, BALL_NUM2, BALL_NUM3, BALL_NUM4, BALL_NUM5, BALL_NUM6, NUMBER_WEIGHT) VALUES (292, 1, 2, 3, 4, 11, 31, 0);
INSERT INTO LOTTO_BALL (NUMBER_ID, BALL_NUM1, BALL_NUM2, BALL_NUM3, BALL_NUM4, BALL_NUM5, BALL_NUM6, NUMBER_WEIGHT) VALUES (293, 1, 2, 3, 4, 13, 42, 0);
INSERT INTO LOTTO_BALL (NUMBER_ID, BALL_NUM1, BALL_NUM2, BALL_NUM3, BALL_NUM4, BALL_NUM5, BALL_NUM6, NUMBER_WEIGHT) VALUES (294, 1, 2, 3, 4, 11, 33, 0);
INSERT INTO LOTTO_BALL (NUMBER_ID, BALL_NUM1, BALL_NUM2, BALL_NUM3, BALL_NUM4, BALL_NUM5, BALL_NUM6, NUMBER_WEIGHT) VALUES (295, 1, 2, 3, 4, 13, 32, 0);
INSERT INTO LOTTO_BALL (NUMBER_ID, BALL_NUM1, BALL_NUM2, BALL_NUM3, BALL_NUM4, BALL_NUM5, BALL_NUM6, NUMBER_WEIGHT) VALUES (296, 1, 2, 3, 4, 11, 37, 0);
INSERT INTO LOTTO_BALL (NUMBER_ID, BALL_NUM1, BALL_NUM2, BALL_NUM3, BALL_NUM4, BALL_NUM5, BALL_NUM6, NUMBER_WEIGHT) VALUES (297, 1, 2, 3, 4, 14, 15, 0);
INSERT INTO LOTTO_BALL (NUMBER_ID, BALL_NUM1, BALL_NUM2, BALL_NUM3, BALL_NUM4, BALL_NUM5, BALL_NUM6, NUMBER_WEIGHT) VALUES (298, 1, 2, 3, 4, 13, 37, 0);
INSERT INTO LOTTO_BALL (NUMBER_ID, BALL_NUM1, BALL_NUM2, BALL_NUM3, BALL_NUM4, BALL_NUM5, BALL_NUM6, NUMBER_WEIGHT) VALUES (299, 1, 2, 3, 4, 13, 22, 0);
INSERT INTO LOTTO_BALL (NUMBER_ID, BALL_NUM1, BALL_NUM2, BALL_NUM3, BALL_NUM4, BALL_NUM5, BALL_NUM6, NUMBER_WEIGHT) VALUES (300, 1, 2, 3, 4, 11, 41, 0);
INSERT INTO LOTTO_BALL (NUMBER_ID, BALL_NUM1, BALL_NUM2, BALL_NUM3, BALL_NUM4, BALL_NUM5, BALL_NUM6, NUMBER_WEIGHT) VALUES (301, 1, 2, 3, 4, 13, 25, 0);
INSERT INTO LOTTO_BALL (NUMBER_ID, BALL_NUM1, BALL_NUM2, BALL_NUM3, BALL_NUM4, BALL_NUM5, BALL_NUM6, NUMBER_WEIGHT) VALUES (302, 1, 2, 3, 4, 14, 19, 0);
INSERT INTO LOTTO_BALL (NUMBER_ID, BALL_NUM1, BALL_NUM2, BALL_NUM3, BALL_NUM4, BALL_NUM5, BALL_NUM6, NUMBER_WEIGHT) VALUES (303, 1, 2, 3, 4, 13, 30, 0);
INSERT INTO LOTTO_BALL (NUMBER_ID, BALL_NUM1, BALL_NUM2, BALL_NUM3, BALL_NUM4, BALL_NUM5, BALL_NUM6, NUMBER_WEIGHT) VALUES (304, 1, 2, 3, 4, 11, 44, 0);
INSERT INTO LOTTO_BALL (NUMBER_ID, BALL_NUM1, BALL_NUM2, BALL_NUM3, BALL_NUM4, BALL_NUM5, BALL_NUM6, NUMBER_WEIGHT) VALUES (305, 1, 2, 3, 4, 13, 33, 0);
INSERT INTO LOTTO_BALL (NUMBER_ID, BALL_NUM1, BALL_NUM2, BALL_NUM3, BALL_NUM4, BALL_NUM5, BALL_NUM6, NUMBER_WEIGHT) VALUES (306, 1, 2, 3, 4, 14, 23, 0);
INSERT INTO LOTTO_BALL (NUMBER_ID, BALL_NUM1, BALL_NUM2, BALL_NUM3, BALL_NUM4, BALL_NUM5, BALL_NUM6, NUMBER_WEIGHT) VALUES (307, 1, 2, 3, 4, 14, 27, 0);
INSERT INTO LOTTO_BALL (NUMBER_ID, BALL_NUM1, BALL_NUM2, BALL_NUM3, BALL_NUM4, BALL_NUM5, BALL_NUM6, NUMBER_WEIGHT) VALUES (308, 1, 2, 3, 4, 12, 15, 0);
INSERT INTO LOTTO_BALL (NUMBER_ID, BALL_NUM1, BALL_NUM2, BALL_NUM3, BALL_NUM4, BALL_NUM5, BALL_NUM6, NUMBER_WEIGHT) VALUES (309, 1, 2, 3, 4, 13, 36, 0);
INSERT INTO LOTTO_BALL (NUMBER_ID, BALL_NUM1, BALL_NUM2, BALL_NUM3, BALL_NUM4, BALL_NUM5, BALL_NUM6, NUMBER_WEIGHT) VALUES (310, 1, 2, 3, 4, 12, 19, 0);
INSERT INTO LOTTO_BALL (NUMBER_ID, BALL_NUM1, BALL_NUM2, BALL_NUM3, BALL_NUM4, BALL_NUM5, BALL_NUM6, NUMBER_WEIGHT) VALUES (311, 1, 2, 3, 4, 14, 31, 0);
INSERT INTO LOTTO_BALL (NUMBER_ID, BALL_NUM1, BALL_NUM2, BALL_NUM3, BALL_NUM4, BALL_NUM5, BALL_NUM6, NUMBER_WEIGHT) VALUES (312, 1, 2, 3, 4, 13, 40, 0);
INSERT INTO LOTTO_BALL (NUMBER_ID, BALL_NUM1, BALL_NUM2, BALL_NUM3, BALL_NUM4, BALL_NUM5, BALL_NUM6, NUMBER_WEIGHT) VALUES (313, 1, 2, 3, 4, 13, 41, 0);
INSERT INTO LOTTO_BALL (NUMBER_ID, BALL_NUM1, BALL_NUM2, BALL_NUM3, BALL_NUM4, BALL_NUM5, BALL_NUM6, NUMBER_WEIGHT) VALUES (314, 1, 2, 3, 4, 12, 23, 0);
INSERT INTO LOTTO_BALL (NUMBER_ID, BALL_NUM1, BALL_NUM2, BALL_NUM3, BALL_NUM4, BALL_NUM5, BALL_NUM6, NUMBER_WEIGHT) VALUES (315, 1, 2, 3, 4, 13, 45, 0);
INSERT INTO LOTTO_BALL (NUMBER_ID, BALL_NUM1, BALL_NUM2, BALL_NUM3, BALL_NUM4, BALL_NUM5, BALL_NUM6, NUMBER_WEIGHT) VALUES (316, 1, 2, 3, 4, 14, 35, 0);
INSERT INTO LOTTO_BALL (NUMBER_ID, BALL_NUM1, BALL_NUM2, BALL_NUM3, BALL_NUM4, BALL_NUM5, BALL_NUM6, NUMBER_WEIGHT) VALUES (317, 1, 2, 3, 4, 13, 44, 0);
INSERT INTO LOTTO_BALL (NUMBER_ID, BALL_NUM1, BALL_NUM2, BALL_NUM3, BALL_NUM4, BALL_NUM5, BALL_NUM6, NUMBER_WEIGHT) VALUES (318, 1, 2, 3, 4, 12, 27, 0);
INSERT INTO LOTTO_BALL (NUMBER_ID, BALL_NUM1, BALL_NUM2, BALL_NUM3, BALL_NUM4, BALL_NUM5, BALL_NUM6, NUMBER_WEIGHT) VALUES (319, 1, 2, 3, 4, 14, 39, 0);
INSERT INTO LOTTO_BALL (NUMBER_ID, BALL_NUM1, BALL_NUM2, BALL_NUM3, BALL_NUM4, BALL_NUM5, BALL_NUM6, NUMBER_WEIGHT) VALUES (320, 1, 2, 3, 4, 14, 18, 0);
INSERT INTO LOTTO_BALL (NUMBER_ID, BALL_NUM1, BALL_NUM2, BALL_NUM3, BALL_NUM4, BALL_NUM5, BALL_NUM6, NUMBER_WEIGHT) VALUES (321, 1, 2, 3, 4, 14, 17, 0);
INSERT INTO LOTTO_BALL (NUMBER_ID, BALL_NUM1, BALL_NUM2, BALL_NUM3, BALL_NUM4, BALL_NUM5, BALL_NUM6, NUMBER_WEIGHT) VALUES (322, 1, 2, 3, 4, 12, 31, 0);
INSERT INTO LOTTO_BALL (NUMBER_ID, BALL_NUM1, BALL_NUM2, BALL_NUM3, BALL_NUM4, BALL_NUM5, BALL_NUM6, NUMBER_WEIGHT) VALUES (323, 1, 2, 3, 4, 14, 43, 0);
INSERT INTO LOTTO_BALL (NUMBER_ID, BALL_NUM1, BALL_NUM2, BALL_NUM3, BALL_NUM4, BALL_NUM5, BALL_NUM6, NUMBER_WEIGHT) VALUES (324, 1, 2, 3, 4, 14, 22, 0);
INSERT INTO LOTTO_BALL (NUMBER_ID, BALL_NUM1, BALL_NUM2, BALL_NUM3, BALL_NUM4, BALL_NUM5, BALL_NUM6, NUMBER_WEIGHT) VALUES (325, 1, 2, 3, 4, 14, 21, 0);
INSERT INTO LOTTO_BALL (NUMBER_ID, BALL_NUM1, BALL_NUM2, BALL_NUM3, BALL_NUM4, BALL_NUM5, BALL_NUM6, NUMBER_WEIGHT) VALUES (326, 1, 2, 3, 4, 14, 45, 0);
INSERT INTO LOTTO_BALL (NUMBER_ID, BALL_NUM1, BALL_NUM2, BALL_NUM3, BALL_NUM4, BALL_NUM5, BALL_NUM6, NUMBER_WEIGHT) VALUES (327, 1, 2, 3, 4, 12, 35, 0);
INSERT INTO LOTTO_BALL (NUMBER_ID, BALL_NUM1, BALL_NUM2, BALL_NUM3, BALL_NUM4, BALL_NUM5, BALL_NUM6, NUMBER_WEIGHT) VALUES (328, 1, 2, 3, 4, 14, 25, 0);
INSERT INTO LOTTO_BALL (NUMBER_ID, BALL_NUM1, BALL_NUM2, BALL_NUM3, BALL_NUM4, BALL_NUM5, BALL_NUM6, NUMBER_WEIGHT) VALUES (329, 1, 2, 3, 4, 14, 26, 0);
INSERT INTO LOTTO_BALL (NUMBER_ID, BALL_NUM1, BALL_NUM2, BALL_NUM3, BALL_NUM4, BALL_NUM5, BALL_NUM6, NUMBER_WEIGHT) VALUES (330, 1, 2, 3, 4, 15, 19, 0);
INSERT INTO LOTTO_BALL (NUMBER_ID, BALL_NUM1, BALL_NUM2, BALL_NUM3, BALL_NUM4, BALL_NUM5, BALL_NUM6, NUMBER_WEIGHT) VALUES (331, 1, 2, 3, 4, 12, 39, 0);
INSERT INTO LOTTO_BALL (NUMBER_ID, BALL_NUM1, BALL_NUM2, BALL_NUM3, BALL_NUM4, BALL_NUM5, BALL_NUM6, NUMBER_WEIGHT) VALUES (332, 1, 2, 3, 4, 15, 28, 0);
INSERT INTO LOTTO_BALL (NUMBER_ID, BALL_NUM1, BALL_NUM2, BALL_NUM3, BALL_NUM4, BALL_NUM5, BALL_NUM6, NUMBER_WEIGHT) VALUES (333, 1, 2, 3, 4, 14, 29, 0);
INSERT INTO LOTTO_BALL (NUMBER_ID, BALL_NUM1, BALL_NUM2, BALL_NUM3, BALL_NUM4, BALL_NUM5, BALL_NUM6, NUMBER_WEIGHT) VALUES (334, 1, 2, 3, 4, 12, 43, 0);
INSERT INTO LOTTO_BALL (NUMBER_ID, BALL_NUM1, BALL_NUM2, BALL_NUM3, BALL_NUM4, BALL_NUM5, BALL_NUM6, NUMBER_WEIGHT) VALUES (335, 1, 2, 3, 4, 15, 31, 0);
INSERT INTO LOTTO_BALL (NUMBER_ID, BALL_NUM1, BALL_NUM2, BALL_NUM3, BALL_NUM4, BALL_NUM5, BALL_NUM6, NUMBER_WEIGHT) VALUES (336, 1, 2, 3, 4, 13, 15, 0);
INSERT INTO LOTTO_BALL (NUMBER_ID, BALL_NUM1, BALL_NUM2, BALL_NUM3, BALL_NUM4, BALL_NUM5, BALL_NUM6, NUMBER_WEIGHT) VALUES (337, 1, 2, 3, 4, 14, 33, 0);
INSERT INTO LOTTO_BALL (NUMBER_ID, BALL_NUM1, BALL_NUM2, BALL_NUM3, BALL_NUM4, BALL_NUM5, BALL_NUM6, NUMBER_WEIGHT) VALUES (338, 1, 2, 3, 4, 15, 35, 0);
INSERT INTO LOTTO_BALL (NUMBER_ID, BALL_NUM1, BALL_NUM2, BALL_NUM3, BALL_NUM4, BALL_NUM5, BALL_NUM6, NUMBER_WEIGHT) VALUES (339, 1, 2, 3, 4, 13, 19, 0);
INSERT INTO LOTTO_BALL (NUMBER_ID, BALL_NUM1, BALL_NUM2, BALL_NUM3, BALL_NUM4, BALL_NUM5, BALL_NUM6, NUMBER_WEIGHT) VALUES (340, 1, 2, 3, 4, 14, 38, 0);
INSERT INTO LOTTO_BALL (NUMBER_ID, BALL_NUM1, BALL_NUM2, BALL_NUM3, BALL_NUM4, BALL_NUM5, BALL_NUM6, NUMBER_WEIGHT) VALUES (341, 1, 2, 3, 4, 14, 41, 0);
INSERT INTO LOTTO_BALL (NUMBER_ID, BALL_NUM1, BALL_NUM2, BALL_NUM3, BALL_NUM4, BALL_NUM5, BALL_NUM6, NUMBER_WEIGHT) VALUES (342, 1, 2, 3, 4, 15, 38, 0);
INSERT INTO LOTTO_BALL (NUMBER_ID, BALL_NUM1, BALL_NUM2, BALL_NUM3, BALL_NUM4, BALL_NUM5, BALL_NUM6, NUMBER_WEIGHT) VALUES (343, 1, 2, 3, 4, 13, 23, 0);
INSERT INTO LOTTO_BALL (NUMBER_ID, BALL_NUM1, BALL_NUM2, BALL_NUM3, BALL_NUM4, BALL_NUM5, BALL_NUM6, NUMBER_WEIGHT) VALUES (344, 1, 2, 3, 4, 14, 30, 0);
INSERT INTO LOTTO_BALL (NUMBER_ID, BALL_NUM1, BALL_NUM2, BALL_NUM3, BALL_NUM4, BALL_NUM5, BALL_NUM6, NUMBER_WEIGHT) VALUES (345, 1, 2, 3, 4, 14, 34, 0);
INSERT INTO LOTTO_BALL (NUMBER_ID, BALL_NUM1, BALL_NUM2, BALL_NUM3, BALL_NUM4, BALL_NUM5, BALL_NUM6, NUMBER_WEIGHT) VALUES (346, 1, 2, 3, 4, 13, 27, 0);
INSERT INTO LOTTO_BALL (NUMBER_ID, BALL_NUM1, BALL_NUM2, BALL_NUM3, BALL_NUM4, BALL_NUM5, BALL_NUM6, NUMBER_WEIGHT) VALUES (347, 1, 2, 3, 4, 15, 16, 0);
INSERT INTO LOTTO_BALL (NUMBER_ID, BALL_NUM1, BALL_NUM2, BALL_NUM3, BALL_NUM4, BALL_NUM5, BALL_NUM6, NUMBER_WEIGHT) VALUES (348, 1, 2, 3, 4, 14, 37, 0);
INSERT INTO LOTTO_BALL (NUMBER_ID, BALL_NUM1, BALL_NUM2, BALL_NUM3, BALL_NUM4, BALL_NUM5, BALL_NUM6, NUMBER_WEIGHT) VALUES (349, 1, 2, 3, 4, 15, 40, 0);
INSERT INTO LOTTO_BALL (NUMBER_ID, BALL_NUM1, BALL_NUM2, BALL_NUM3, BALL_NUM4, BALL_NUM5, BALL_NUM6, NUMBER_WEIGHT) VALUES (350, 1, 2, 3, 4, 15, 20, 0);
INSERT INTO LOTTO_BALL (NUMBER_ID, BALL_NUM1, BALL_NUM2, BALL_NUM3, BALL_NUM4, BALL_NUM5, BALL_NUM6, NUMBER_WEIGHT) VALUES (351, 1, 2, 3, 4, 14, 42, 0);
INSERT INTO LOTTO_BALL (NUMBER_ID, BALL_NUM1, BALL_NUM2, BALL_NUM3, BALL_NUM4, BALL_NUM5, BALL_NUM6, NUMBER_WEIGHT) VALUES (352, 1, 2, 3, 4, 13, 31, 0);
INSERT INTO LOTTO_BALL (NUMBER_ID, BALL_NUM1, BALL_NUM2, BALL_NUM3, BALL_NUM4, BALL_NUM5, BALL_NUM6, NUMBER_WEIGHT) VALUES (353, 1, 2, 3, 4, 15, 17, 0);
INSERT INTO LOTTO_BALL (NUMBER_ID, BALL_NUM1, BALL_NUM2, BALL_NUM3, BALL_NUM4, BALL_NUM5, BALL_NUM6, NUMBER_WEIGHT) VALUES (354, 1, 2, 3, 4, 13, 35, 0);
INSERT INTO LOTTO_BALL (NUMBER_ID, BALL_NUM1, BALL_NUM2, BALL_NUM3, BALL_NUM4, BALL_NUM5, BALL_NUM6, NUMBER_WEIGHT) VALUES (355, 1, 2, 3, 4, 15, 21, 0);
INSERT INTO LOTTO_BALL (NUMBER_ID, BALL_NUM1, BALL_NUM2, BALL_NUM3, BALL_NUM4, BALL_NUM5, BALL_NUM6, NUMBER_WEIGHT) VALUES (356, 1, 2, 3, 4, 15, 23, 0);
INSERT INTO LOTTO_BALL (NUMBER_ID, BALL_NUM1, BALL_NUM2, BALL_NUM3, BALL_NUM4, BALL_NUM5, BALL_NUM6, NUMBER_WEIGHT) VALUES (357, 1, 2, 3, 4, 13, 39, 0);
INSERT INTO LOTTO_BALL (NUMBER_ID, BALL_NUM1, BALL_NUM2, BALL_NUM3, BALL_NUM4, BALL_NUM5, BALL_NUM6, NUMBER_WEIGHT) VALUES (358, 1, 2, 3, 4, 15, 27, 0);
INSERT INTO LOTTO_BALL (NUMBER_ID, BALL_NUM1, BALL_NUM2, BALL_NUM3, BALL_NUM4, BALL_NUM5, BALL_NUM6, NUMBER_WEIGHT) VALUES (359, 1, 2, 3, 4, 15, 24, 0);
INSERT INTO LOTTO_BALL (NUMBER_ID, BALL_NUM1, BALL_NUM2, BALL_NUM3, BALL_NUM4, BALL_NUM5, BALL_NUM6, NUMBER_WEIGHT) VALUES (360, 1, 2, 3, 4, 13, 43, 0);
INSERT INTO LOTTO_BALL (NUMBER_ID, BALL_NUM1, BALL_NUM2, BALL_NUM3, BALL_NUM4, BALL_NUM5, BALL_NUM6, NUMBER_WEIGHT) VALUES (361, 1, 2, 3, 4, 15, 29, 0);
INSERT INTO LOTTO_BALL (NUMBER_ID, BALL_NUM1, BALL_NUM2, BALL_NUM3, BALL_NUM4, BALL_NUM5, BALL_NUM6, NUMBER_WEIGHT) VALUES (362, 1, 2, 3, 4, 15, 30, 0);
INSERT INTO LOTTO_BALL (NUMBER_ID, BALL_NUM1, BALL_NUM2, BALL_NUM3, BALL_NUM4, BALL_NUM5, BALL_NUM6, NUMBER_WEIGHT) VALUES (363, 1, 2, 3, 4, 15, 43, 0);
INSERT INTO LOTTO_BALL (NUMBER_ID, BALL_NUM1, BALL_NUM2, BALL_NUM3, BALL_NUM4, BALL_NUM5, BALL_NUM6, NUMBER_WEIGHT) VALUES (364, 1, 2, 3, 4, 14, 16, 0);
INSERT INTO LOTTO_BALL (NUMBER_ID, BALL_NUM1, BALL_NUM2, BALL_NUM3, BALL_NUM4, BALL_NUM5, BALL_NUM6, NUMBER_WEIGHT) VALUES (365, 1, 2, 3, 4, 16, 19, 0);
INSERT INTO LOTTO_BALL (NUMBER_ID, BALL_NUM1, BALL_NUM2, BALL_NUM3, BALL_NUM4, BALL_NUM5, BALL_NUM6, NUMBER_WEIGHT) VALUES (366, 1, 2, 3, 4, 15, 32, 0);
INSERT INTO LOTTO_BALL (NUMBER_ID, BALL_NUM1, BALL_NUM2, BALL_NUM3, BALL_NUM4, BALL_NUM5, BALL_NUM6, NUMBER_WEIGHT) VALUES (367, 1, 2, 3, 4, 16, 22, 0);
INSERT INTO LOTTO_BALL (NUMBER_ID, BALL_NUM1, BALL_NUM2, BALL_NUM3, BALL_NUM4, BALL_NUM5, BALL_NUM6, NUMBER_WEIGHT) VALUES (368, 1, 2, 3, 4, 15, 34, 0);
INSERT INTO LOTTO_BALL (NUMBER_ID, BALL_NUM1, BALL_NUM2, BALL_NUM3, BALL_NUM4, BALL_NUM5, BALL_NUM6, NUMBER_WEIGHT) VALUES (369, 1, 2, 3, 4, 16, 25, 0);
INSERT INTO LOTTO_BALL (NUMBER_ID, BALL_NUM1, BALL_NUM2, BALL_NUM3, BALL_NUM4, BALL_NUM5, BALL_NUM6, NUMBER_WEIGHT) VALUES (370, 1, 2, 3, 4, 16, 29, 0);
INSERT INTO LOTTO_BALL (NUMBER_ID, BALL_NUM1, BALL_NUM2, BALL_NUM3, BALL_NUM4, BALL_NUM5, BALL_NUM6, NUMBER_WEIGHT) VALUES (371, 1, 2, 3, 4, 15, 37, 0);
INSERT INTO LOTTO_BALL (NUMBER_ID, BALL_NUM1, BALL_NUM2, BALL_NUM3, BALL_NUM4, BALL_NUM5, BALL_NUM6, NUMBER_WEIGHT) VALUES (372, 1, 2, 3, 4, 14, 20, 0);
INSERT INTO LOTTO_BALL (NUMBER_ID, BALL_NUM1, BALL_NUM2, BALL_NUM3, BALL_NUM4, BALL_NUM5, BALL_NUM6, NUMBER_WEIGHT) VALUES (373, 1, 2, 3, 4, 16, 33, 0);
INSERT INTO LOTTO_BALL (NUMBER_ID, BALL_NUM1, BALL_NUM2, BALL_NUM3, BALL_NUM4, BALL_NUM5, BALL_NUM6, NUMBER_WEIGHT) VALUES (374, 1, 2, 3, 4, 15, 39, 0);
INSERT INTO LOTTO_BALL (NUMBER_ID, BALL_NUM1, BALL_NUM2, BALL_NUM3, BALL_NUM4, BALL_NUM5, BALL_NUM6, NUMBER_WEIGHT) VALUES (375, 1, 2, 3, 4, 15, 42, 0);
INSERT INTO LOTTO_BALL (NUMBER_ID, BALL_NUM1, BALL_NUM2, BALL_NUM3, BALL_NUM4, BALL_NUM5, BALL_NUM6, NUMBER_WEIGHT) VALUES (376, 1, 2, 3, 4, 14, 24, 0);
INSERT INTO LOTTO_BALL (NUMBER_ID, BALL_NUM1, BALL_NUM2, BALL_NUM3, BALL_NUM4, BALL_NUM5, BALL_NUM6, NUMBER_WEIGHT) VALUES (377, 1, 2, 3, 4, 15, 44, 0);
INSERT INTO LOTTO_BALL (NUMBER_ID, BALL_NUM1, BALL_NUM2, BALL_NUM3, BALL_NUM4, BALL_NUM5, BALL_NUM6, NUMBER_WEIGHT) VALUES (378, 1, 2, 3, 4, 16, 37, 0);
INSERT INTO LOTTO_BALL (NUMBER_ID, BALL_NUM1, BALL_NUM2, BALL_NUM3, BALL_NUM4, BALL_NUM5, BALL_NUM6, NUMBER_WEIGHT) VALUES (379, 1, 2, 3, 4, 14, 28, 0);
INSERT INTO LOTTO_BALL (NUMBER_ID, BALL_NUM1, BALL_NUM2, BALL_NUM3, BALL_NUM4, BALL_NUM5, BALL_NUM6, NUMBER_WEIGHT) VALUES (380, 1, 2, 3, 4, 16, 17, 0);
INSERT INTO LOTTO_BALL (NUMBER_ID, BALL_NUM1, BALL_NUM2, BALL_NUM3, BALL_NUM4, BALL_NUM5, BALL_NUM6, NUMBER_WEIGHT) VALUES (381, 1, 2, 3, 4, 16, 26, 0);
INSERT INTO LOTTO_BALL (NUMBER_ID, BALL_NUM1, BALL_NUM2, BALL_NUM3, BALL_NUM4, BALL_NUM5, BALL_NUM6, NUMBER_WEIGHT) VALUES (382, 1, 2, 3, 4, 14, 32, 0);
INSERT INTO LOTTO_BALL (NUMBER_ID, BALL_NUM1, BALL_NUM2, BALL_NUM3, BALL_NUM4, BALL_NUM5, BALL_NUM6, NUMBER_WEIGHT) VALUES (383, 1, 2, 3, 4, 16, 41, 0);
INSERT INTO LOTTO_BALL (NUMBER_ID, BALL_NUM1, BALL_NUM2, BALL_NUM3, BALL_NUM4, BALL_NUM5, BALL_NUM6, NUMBER_WEIGHT) VALUES (384, 1, 2, 3, 4, 16, 21, 0);
INSERT INTO LOTTO_BALL (NUMBER_ID, BALL_NUM1, BALL_NUM2, BALL_NUM3, BALL_NUM4, BALL_NUM5, BALL_NUM6, NUMBER_WEIGHT) VALUES (385, 1, 2, 3, 4, 16, 45, 0);
INSERT INTO LOTTO_BALL (NUMBER_ID, BALL_NUM1, BALL_NUM2, BALL_NUM3, BALL_NUM4, BALL_NUM5, BALL_NUM6, NUMBER_WEIGHT) VALUES (386, 1, 2, 3, 4, 16, 24, 0);
INSERT INTO LOTTO_BALL (NUMBER_ID, BALL_NUM1, BALL_NUM2, BALL_NUM3, BALL_NUM4, BALL_NUM5, BALL_NUM6, NUMBER_WEIGHT) VALUES (387, 1, 2, 3, 4, 14, 36, 0);
INSERT INTO LOTTO_BALL (NUMBER_ID, BALL_NUM1, BALL_NUM2, BALL_NUM3, BALL_NUM4, BALL_NUM5, BALL_NUM6, NUMBER_WEIGHT) VALUES (388, 1, 2, 3, 4, 16, 30, 0);
INSERT INTO LOTTO_BALL (NUMBER_ID, BALL_NUM1, BALL_NUM2, BALL_NUM3, BALL_NUM4, BALL_NUM5, BALL_NUM6, NUMBER_WEIGHT) VALUES (389, 1, 2, 3, 4, 17, 21, 0);
INSERT INTO LOTTO_BALL (NUMBER_ID, BALL_NUM1, BALL_NUM2, BALL_NUM3, BALL_NUM4, BALL_NUM5, BALL_NUM6, NUMBER_WEIGHT) VALUES (390, 1, 2, 3, 4, 16, 34, 0);
INSERT INTO LOTTO_BALL (NUMBER_ID, BALL_NUM1, BALL_NUM2, BALL_NUM3, BALL_NUM4, BALL_NUM5, BALL_NUM6, NUMBER_WEIGHT) VALUES (391, 1, 2, 3, 4, 17, 25, 0);
INSERT INTO LOTTO_BALL (NUMBER_ID, BALL_NUM1, BALL_NUM2, BALL_NUM3, BALL_NUM4, BALL_NUM5, BALL_NUM6, NUMBER_WEIGHT) VALUES (392, 1, 2, 3, 4, 16, 38, 0);
INSERT INTO LOTTO_BALL (NUMBER_ID, BALL_NUM1, BALL_NUM2, BALL_NUM3, BALL_NUM4, BALL_NUM5, BALL_NUM6, NUMBER_WEIGHT) VALUES (393, 1, 2, 3, 4, 14, 40, 0);
INSERT INTO LOTTO_BALL (NUMBER_ID, BALL_NUM1, BALL_NUM2, BALL_NUM3, BALL_NUM4, BALL_NUM5, BALL_NUM6, NUMBER_WEIGHT) VALUES (394, 1, 2, 3, 4, 16, 42, 0);
INSERT INTO LOTTO_BALL (NUMBER_ID, BALL_NUM1, BALL_NUM2, BALL_NUM3, BALL_NUM4, BALL_NUM5, BALL_NUM6, NUMBER_WEIGHT) VALUES (395, 1, 2, 3, 4, 17, 28, 0);
INSERT INTO LOTTO_BALL (NUMBER_ID, BALL_NUM1, BALL_NUM2, BALL_NUM3, BALL_NUM4, BALL_NUM5, BALL_NUM6, NUMBER_WEIGHT) VALUES (396, 1, 2, 3, 4, 14, 44, 0);
INSERT INTO LOTTO_BALL (NUMBER_ID, BALL_NUM1, BALL_NUM2, BALL_NUM3, BALL_NUM4, BALL_NUM5, BALL_NUM6, NUMBER_WEIGHT) VALUES (397, 1, 2, 3, 4, 17, 32, 0);
INSERT INTO LOTTO_BALL (NUMBER_ID, BALL_NUM1, BALL_NUM2, BALL_NUM3, BALL_NUM4, BALL_NUM5, BALL_NUM6, NUMBER_WEIGHT) VALUES (398, 1, 2, 3, 4, 17, 18, 0);
INSERT INTO LOTTO_BALL (NUMBER_ID, BALL_NUM1, BALL_NUM2, BALL_NUM3, BALL_NUM4, BALL_NUM5, BALL_NUM6, NUMBER_WEIGHT) VALUES (399, 1, 2, 3, 4, 15, 18, 0);
INSERT INTO LOTTO_BALL (NUMBER_ID, BALL_NUM1, BALL_NUM2, BALL_NUM3, BALL_NUM4, BALL_NUM5, BALL_NUM6, NUMBER_WEIGHT) VALUES (400, 1, 2, 3, 4, 17, 23, 0);
INSERT INTO LOTTO_BALL (NUMBER_ID, BALL_NUM1, BALL_NUM2, BALL_NUM3, BALL_NUM4, BALL_NUM5, BALL_NUM6, NUMBER_WEIGHT) VALUES (401, 1, 2, 3, 4, 17, 36, 0);
INSERT INTO LOTTO_BALL (NUMBER_ID, BALL_NUM1, BALL_NUM2, BALL_NUM3, BALL_NUM4, BALL_NUM5, BALL_NUM6, NUMBER_WEIGHT) VALUES (402, 1, 2, 3, 4, 16, 28, 0);
INSERT INTO LOTTO_BALL (NUMBER_ID, BALL_NUM1, BALL_NUM2, BALL_NUM3, BALL_NUM4, BALL_NUM5, BALL_NUM6, NUMBER_WEIGHT) VALUES (403, 1, 2, 3, 4, 17, 27, 0);
INSERT INTO LOTTO_BALL (NUMBER_ID, BALL_NUM1, BALL_NUM2, BALL_NUM3, BALL_NUM4, BALL_NUM5, BALL_NUM6, NUMBER_WEIGHT) VALUES (404, 1, 2, 3, 4, 16, 32, 0);
INSERT INTO LOTTO_BALL (NUMBER_ID, BALL_NUM1, BALL_NUM2, BALL_NUM3, BALL_NUM4, BALL_NUM5, BALL_NUM6, NUMBER_WEIGHT) VALUES (405, 1, 2, 3, 4, 15, 22, 0);
INSERT INTO LOTTO_BALL (NUMBER_ID, BALL_NUM1, BALL_NUM2, BALL_NUM3, BALL_NUM4, BALL_NUM5, BALL_NUM6, NUMBER_WEIGHT) VALUES (406, 1, 2, 3, 4, 16, 36, 0);
INSERT INTO LOTTO_BALL (NUMBER_ID, BALL_NUM1, BALL_NUM2, BALL_NUM3, BALL_NUM4, BALL_NUM5, BALL_NUM6, NUMBER_WEIGHT) VALUES (407, 1, 2, 3, 4, 17, 40, 0);
INSERT INTO LOTTO_BALL (NUMBER_ID, BALL_NUM1, BALL_NUM2, BALL_NUM3, BALL_NUM4, BALL_NUM5, BALL_NUM6, NUMBER_WEIGHT) VALUES (408, 1, 2, 3, 4, 16, 40, 0);
INSERT INTO LOTTO_BALL (NUMBER_ID, BALL_NUM1, BALL_NUM2, BALL_NUM3, BALL_NUM4, BALL_NUM5, BALL_NUM6, NUMBER_WEIGHT) VALUES (409, 1, 2, 3, 4, 15, 25, 0);
INSERT INTO LOTTO_BALL (NUMBER_ID, BALL_NUM1, BALL_NUM2, BALL_NUM3, BALL_NUM4, BALL_NUM5, BALL_NUM6, NUMBER_WEIGHT) VALUES (410, 1, 2, 3, 4, 16, 44, 0);
INSERT INTO LOTTO_BALL (NUMBER_ID, BALL_NUM1, BALL_NUM2, BALL_NUM3, BALL_NUM4, BALL_NUM5, BALL_NUM6, NUMBER_WEIGHT) VALUES (411, 1, 2, 3, 4, 17, 44, 0);
INSERT INTO LOTTO_BALL (NUMBER_ID, BALL_NUM1, BALL_NUM2, BALL_NUM3, BALL_NUM4, BALL_NUM5, BALL_NUM6, NUMBER_WEIGHT) VALUES (412, 1, 2, 3, 4, 17, 31, 0);
INSERT INTO LOTTO_BALL (NUMBER_ID, BALL_NUM1, BALL_NUM2, BALL_NUM3, BALL_NUM4, BALL_NUM5, BALL_NUM6, NUMBER_WEIGHT) VALUES (413, 1, 2, 3, 4, 17, 20, 0);
INSERT INTO LOTTO_BALL (NUMBER_ID, BALL_NUM1, BALL_NUM2, BALL_NUM3, BALL_NUM4, BALL_NUM5, BALL_NUM6, NUMBER_WEIGHT) VALUES (414, 1, 2, 3, 4, 17, 24, 0);
INSERT INTO LOTTO_BALL (NUMBER_ID, BALL_NUM1, BALL_NUM2, BALL_NUM3, BALL_NUM4, BALL_NUM5, BALL_NUM6, NUMBER_WEIGHT) VALUES (415, 1, 2, 3, 4, 15, 26, 0);
INSERT INTO LOTTO_BALL (NUMBER_ID, BALL_NUM1, BALL_NUM2, BALL_NUM3, BALL_NUM4, BALL_NUM5, BALL_NUM6, NUMBER_WEIGHT) VALUES (416, 1, 2, 3, 4, 17, 35, 0);
INSERT INTO LOTTO_BALL (NUMBER_ID, BALL_NUM1, BALL_NUM2, BALL_NUM3, BALL_NUM4, BALL_NUM5, BALL_NUM6, NUMBER_WEIGHT) VALUES (417, 1, 2, 3, 4, 18, 20, 0);
INSERT INTO LOTTO_BALL (NUMBER_ID, BALL_NUM1, BALL_NUM2, BALL_NUM3, BALL_NUM4, BALL_NUM5, BALL_NUM6, NUMBER_WEIGHT) VALUES (418, 1, 2, 3, 4, 17, 29, 0);
INSERT INTO LOTTO_BALL (NUMBER_ID, BALL_NUM1, BALL_NUM2, BALL_NUM3, BALL_NUM4, BALL_NUM5, BALL_NUM6, NUMBER_WEIGHT) VALUES (419, 1, 2, 3, 4, 15, 33, 0);
INSERT INTO LOTTO_BALL (NUMBER_ID, BALL_NUM1, BALL_NUM2, BALL_NUM3, BALL_NUM4, BALL_NUM5, BALL_NUM6, NUMBER_WEIGHT) VALUES (420, 1, 2, 3, 4, 17, 38, 0);
INSERT INTO LOTTO_BALL (NUMBER_ID, BALL_NUM1, BALL_NUM2, BALL_NUM3, BALL_NUM4, BALL_NUM5, BALL_NUM6, NUMBER_WEIGHT) VALUES (421, 1, 2, 3, 4, 17, 42, 0);
INSERT INTO LOTTO_BALL (NUMBER_ID, BALL_NUM1, BALL_NUM2, BALL_NUM3, BALL_NUM4, BALL_NUM5, BALL_NUM6, NUMBER_WEIGHT) VALUES (422, 1, 2, 3, 4, 15, 36, 0);
INSERT INTO LOTTO_BALL (NUMBER_ID, BALL_NUM1, BALL_NUM2, BALL_NUM3, BALL_NUM4, BALL_NUM5, BALL_NUM6, NUMBER_WEIGHT) VALUES (423, 1, 2, 3, 4, 17, 33, 0);
INSERT INTO LOTTO_BALL (NUMBER_ID, BALL_NUM1, BALL_NUM2, BALL_NUM3, BALL_NUM4, BALL_NUM5, BALL_NUM6, NUMBER_WEIGHT) VALUES (424, 1, 2, 3, 4, 18, 23, 0);
INSERT INTO LOTTO_BALL (NUMBER_ID, BALL_NUM1, BALL_NUM2, BALL_NUM3, BALL_NUM4, BALL_NUM5, BALL_NUM6, NUMBER_WEIGHT) VALUES (425, 1, 2, 3, 4, 18, 28, 0);
INSERT INTO LOTTO_BALL (NUMBER_ID, BALL_NUM1, BALL_NUM2, BALL_NUM3, BALL_NUM4, BALL_NUM5, BALL_NUM6, NUMBER_WEIGHT) VALUES (426, 1, 2, 3, 4, 18, 25, 0);
INSERT INTO LOTTO_BALL (NUMBER_ID, BALL_NUM1, BALL_NUM2, BALL_NUM3, BALL_NUM4, BALL_NUM5, BALL_NUM6, NUMBER_WEIGHT) VALUES (427, 1, 2, 3, 4, 15, 41, 0);
INSERT INTO LOTTO_BALL (NUMBER_ID, BALL_NUM1, BALL_NUM2, BALL_NUM3, BALL_NUM4, BALL_NUM5, BALL_NUM6, NUMBER_WEIGHT) VALUES (428, 1, 2, 3, 4, 17, 37, 0);
INSERT INTO LOTTO_BALL (NUMBER_ID, BALL_NUM1, BALL_NUM2, BALL_NUM3, BALL_NUM4, BALL_NUM5, BALL_NUM6, NUMBER_WEIGHT) VALUES (429, 1, 2, 3, 4, 15, 45, 0);
INSERT INTO LOTTO_BALL (NUMBER_ID, BALL_NUM1, BALL_NUM2, BALL_NUM3, BALL_NUM4, BALL_NUM5, BALL_NUM6, NUMBER_WEIGHT) VALUES (430, 1, 2, 3, 4, 18, 29, 0);
INSERT INTO LOTTO_BALL (NUMBER_ID, BALL_NUM1, BALL_NUM2, BALL_NUM3, BALL_NUM4, BALL_NUM5, BALL_NUM6, NUMBER_WEIGHT) VALUES (431, 1, 2, 3, 4, 18, 32, 0);
INSERT INTO LOTTO_BALL (NUMBER_ID, BALL_NUM1, BALL_NUM2, BALL_NUM3, BALL_NUM4, BALL_NUM5, BALL_NUM6, NUMBER_WEIGHT) VALUES (432, 1, 2, 3, 4, 17, 41, 0);
INSERT INTO LOTTO_BALL (NUMBER_ID, BALL_NUM1, BALL_NUM2, BALL_NUM3, BALL_NUM4, BALL_NUM5, BALL_NUM6, NUMBER_WEIGHT) VALUES (433, 1, 2, 3, 4, 18, 33, 0);
INSERT INTO LOTTO_BALL (NUMBER_ID, BALL_NUM1, BALL_NUM2, BALL_NUM3, BALL_NUM4, BALL_NUM5, BALL_NUM6, NUMBER_WEIGHT) VALUES (434, 1, 2, 3, 4, 16, 18, 0);
INSERT INTO LOTTO_BALL (NUMBER_ID, BALL_NUM1, BALL_NUM2, BALL_NUM3, BALL_NUM4, BALL_NUM5, BALL_NUM6, NUMBER_WEIGHT) VALUES (435, 1, 2, 3, 4, 18, 36, 0);
INSERT INTO LOTTO_BALL (NUMBER_ID, BALL_NUM1, BALL_NUM2, BALL_NUM3, BALL_NUM4, BALL_NUM5, BALL_NUM6, NUMBER_WEIGHT) VALUES (436, 1, 2, 3, 4, 17, 45, 0);
INSERT INTO LOTTO_BALL (NUMBER_ID, BALL_NUM1, BALL_NUM2, BALL_NUM3, BALL_NUM4, BALL_NUM5, BALL_NUM6, NUMBER_WEIGHT) VALUES (437, 1, 2, 3, 4, 16, 20, 0);
INSERT INTO LOTTO_BALL (NUMBER_ID, BALL_NUM1, BALL_NUM2, BALL_NUM3, BALL_NUM4, BALL_NUM5, BALL_NUM6, NUMBER_WEIGHT) VALUES (438, 1, 2, 3, 4, 18, 21, 0);
INSERT INTO LOTTO_BALL (NUMBER_ID, BALL_NUM1, BALL_NUM2, BALL_NUM3, BALL_NUM4, BALL_NUM5, BALL_NUM6, NUMBER_WEIGHT) VALUES (439, 1, 2, 3, 4, 18, 39, 0);
INSERT INTO LOTTO_BALL (NUMBER_ID, BALL_NUM1, BALL_NUM2, BALL_NUM3, BALL_NUM4, BALL_NUM5, BALL_NUM6, NUMBER_WEIGHT) VALUES (440, 1, 2, 3, 4, 16, 23, 0);
INSERT INTO LOTTO_BALL (NUMBER_ID, BALL_NUM1, BALL_NUM2, BALL_NUM3, BALL_NUM4, BALL_NUM5, BALL_NUM6, NUMBER_WEIGHT) VALUES (441, 1, 2, 3, 4, 18, 24, 0);
INSERT INTO LOTTO_BALL (NUMBER_ID, BALL_NUM1, BALL_NUM2, BALL_NUM3, BALL_NUM4, BALL_NUM5, BALL_NUM6, NUMBER_WEIGHT) VALUES (442, 1, 2, 3, 4, 18, 43, 0);
INSERT INTO LOTTO_BALL (NUMBER_ID, BALL_NUM1, BALL_NUM2, BALL_NUM3, BALL_NUM4, BALL_NUM5, BALL_NUM6, NUMBER_WEIGHT) VALUES (443, 1, 2, 3, 4, 16, 27, 0);
INSERT INTO LOTTO_BALL (NUMBER_ID, BALL_NUM1, BALL_NUM2, BALL_NUM3, BALL_NUM4, BALL_NUM5, BALL_NUM6, NUMBER_WEIGHT) VALUES (444, 1, 2, 3, 4, 18, 27, 0);
INSERT INTO LOTTO_BALL (NUMBER_ID, BALL_NUM1, BALL_NUM2, BALL_NUM3, BALL_NUM4, BALL_NUM5, BALL_NUM6, NUMBER_WEIGHT) VALUES (445, 1, 2, 3, 4, 19, 21, 0);
INSERT INTO LOTTO_BALL (NUMBER_ID, BALL_NUM1, BALL_NUM2, BALL_NUM3, BALL_NUM4, BALL_NUM5, BALL_NUM6, NUMBER_WEIGHT) VALUES (446, 1, 2, 3, 4, 16, 31, 0);
INSERT INTO LOTTO_BALL (NUMBER_ID, BALL_NUM1, BALL_NUM2, BALL_NUM3, BALL_NUM4, BALL_NUM5, BALL_NUM6, NUMBER_WEIGHT) VALUES (447, 1, 2, 3, 4, 18, 37, 0);
INSERT INTO LOTTO_BALL (NUMBER_ID, BALL_NUM1, BALL_NUM2, BALL_NUM3, BALL_NUM4, BALL_NUM5, BALL_NUM6, NUMBER_WEIGHT) VALUES (448, 1, 2, 3, 4, 18, 41, 0);
INSERT INTO LOTTO_BALL (NUMBER_ID, BALL_NUM1, BALL_NUM2, BALL_NUM3, BALL_NUM4, BALL_NUM5, BALL_NUM6, NUMBER_WEIGHT) VALUES (449, 1, 2, 3, 4, 18, 44, 0);
INSERT INTO LOTTO_BALL (NUMBER_ID, BALL_NUM1, BALL_NUM2, BALL_NUM3, BALL_NUM4, BALL_NUM5, BALL_NUM6, NUMBER_WEIGHT) VALUES (450, 1, 2, 3, 4, 19, 24, 0);
INSERT INTO LOTTO_BALL (NUMBER_ID, BALL_NUM1, BALL_NUM2, BALL_NUM3, BALL_NUM4, BALL_NUM5, BALL_NUM6, NUMBER_WEIGHT) VALUES (451, 1, 2, 3, 4, 19, 22, 0);
INSERT INTO LOTTO_BALL (NUMBER_ID, BALL_NUM1, BALL_NUM2, BALL_NUM3, BALL_NUM4, BALL_NUM5, BALL_NUM6, NUMBER_WEIGHT) VALUES (452, 1, 2, 3, 4, 16, 35, 0);
INSERT INTO LOTTO_BALL (NUMBER_ID, BALL_NUM1, BALL_NUM2, BALL_NUM3, BALL_NUM4, BALL_NUM5, BALL_NUM6, NUMBER_WEIGHT) VALUES (453, 1, 2, 3, 4, 19, 27, 0);
INSERT INTO LOTTO_BALL (NUMBER_ID, BALL_NUM1, BALL_NUM2, BALL_NUM3, BALL_NUM4, BALL_NUM5, BALL_NUM6, NUMBER_WEIGHT) VALUES (454, 1, 2, 3, 4, 18, 31, 0);
INSERT INTO LOTTO_BALL (NUMBER_ID, BALL_NUM1, BALL_NUM2, BALL_NUM3, BALL_NUM4, BALL_NUM5, BALL_NUM6, NUMBER_WEIGHT) VALUES (455, 1, 2, 3, 4, 19, 28, 0);
INSERT INTO LOTTO_BALL (NUMBER_ID, BALL_NUM1, BALL_NUM2, BALL_NUM3, BALL_NUM4, BALL_NUM5, BALL_NUM6, NUMBER_WEIGHT) VALUES (456, 1, 2, 3, 4, 16, 39, 0);
INSERT INTO LOTTO_BALL (NUMBER_ID, BALL_NUM1, BALL_NUM2, BALL_NUM3, BALL_NUM4, BALL_NUM5, BALL_NUM6, NUMBER_WEIGHT) VALUES (457, 1, 2, 3, 4, 19, 30, 0);
INSERT INTO LOTTO_BALL (NUMBER_ID, BALL_NUM1, BALL_NUM2, BALL_NUM3, BALL_NUM4, BALL_NUM5, BALL_NUM6, NUMBER_WEIGHT) VALUES (458, 1, 2, 3, 4, 18, 35, 0);
INSERT INTO LOTTO_BALL (NUMBER_ID, BALL_NUM1, BALL_NUM2, BALL_NUM3, BALL_NUM4, BALL_NUM5, BALL_NUM6, NUMBER_WEIGHT) VALUES (459, 1, 2, 3, 4, 19, 32, 0);
INSERT INTO LOTTO_BALL (NUMBER_ID, BALL_NUM1, BALL_NUM2, BALL_NUM3, BALL_NUM4, BALL_NUM5, BALL_NUM6, NUMBER_WEIGHT) VALUES (460, 1, 2, 3, 4, 16, 43, 0);
INSERT INTO LOTTO_BALL (NUMBER_ID, BALL_NUM1, BALL_NUM2, BALL_NUM3, BALL_NUM4, BALL_NUM5, BALL_NUM6, NUMBER_WEIGHT) VALUES (461, 1, 2, 3, 4, 18, 38, 0);
INSERT INTO LOTTO_BALL (NUMBER_ID, BALL_NUM1, BALL_NUM2, BALL_NUM3, BALL_NUM4, BALL_NUM5, BALL_NUM6, NUMBER_WEIGHT) VALUES (462, 1, 2, 3, 4, 19, 37, 0);
INSERT INTO LOTTO_BALL (NUMBER_ID, BALL_NUM1, BALL_NUM2, BALL_NUM3, BALL_NUM4, BALL_NUM5, BALL_NUM6, NUMBER_WEIGHT) VALUES (463, 1, 2, 3, 4, 19, 35, 0);
INSERT INTO LOTTO_BALL (NUMBER_ID, BALL_NUM1, BALL_NUM2, BALL_NUM3, BALL_NUM4, BALL_NUM5, BALL_NUM6, NUMBER_WEIGHT) VALUES (464, 1, 2, 3, 4, 17, 19, 0);
INSERT INTO LOTTO_BALL (NUMBER_ID, BALL_NUM1, BALL_NUM2, BALL_NUM3, BALL_NUM4, BALL_NUM5, BALL_NUM6, NUMBER_WEIGHT) VALUES (465, 1, 2, 3, 4, 19, 39, 0);
INSERT INTO LOTTO_BALL (NUMBER_ID, BALL_NUM1, BALL_NUM2, BALL_NUM3, BALL_NUM4, BALL_NUM5, BALL_NUM6, NUMBER_WEIGHT) VALUES (466, 1, 2, 3, 4, 19, 41, 0);
INSERT INTO LOTTO_BALL (NUMBER_ID, BALL_NUM1, BALL_NUM2, BALL_NUM3, BALL_NUM4, BALL_NUM5, BALL_NUM6, NUMBER_WEIGHT) VALUES (467, 1, 2, 3, 4, 18, 42, 0);
INSERT INTO LOTTO_BALL (NUMBER_ID, BALL_NUM1, BALL_NUM2, BALL_NUM3, BALL_NUM4, BALL_NUM5, BALL_NUM6, NUMBER_WEIGHT) VALUES (468, 1, 2, 3, 4, 17, 22, 0);
INSERT INTO LOTTO_BALL (NUMBER_ID, BALL_NUM1, BALL_NUM2, BALL_NUM3, BALL_NUM4, BALL_NUM5, BALL_NUM6, NUMBER_WEIGHT) VALUES (469, 1, 2, 3, 4, 19, 20, 0);
INSERT INTO LOTTO_BALL (NUMBER_ID, BALL_NUM1, BALL_NUM2, BALL_NUM3, BALL_NUM4, BALL_NUM5, BALL_NUM6, NUMBER_WEIGHT) VALUES (470, 1, 2, 3, 4, 19, 40, 0);
INSERT INTO LOTTO_BALL (NUMBER_ID, BALL_NUM1, BALL_NUM2, BALL_NUM3, BALL_NUM4, BALL_NUM5, BALL_NUM6, NUMBER_WEIGHT) VALUES (471, 1, 2, 3, 4, 19, 45, 0);
INSERT INTO LOTTO_BALL (NUMBER_ID, BALL_NUM1, BALL_NUM2, BALL_NUM3, BALL_NUM4, BALL_NUM5, BALL_NUM6, NUMBER_WEIGHT) VALUES (472, 1, 2, 3, 4, 17, 26, 0);
INSERT INTO LOTTO_BALL (NUMBER_ID, BALL_NUM1, BALL_NUM2, BALL_NUM3, BALL_NUM4, BALL_NUM5, BALL_NUM6, NUMBER_WEIGHT) VALUES (473, 1, 2, 3, 4, 20, 24, 0);
INSERT INTO LOTTO_BALL (NUMBER_ID, BALL_NUM1, BALL_NUM2, BALL_NUM3, BALL_NUM4, BALL_NUM5, BALL_NUM6, NUMBER_WEIGHT) VALUES (474, 1, 2, 3, 4, 19, 25, 0);
INSERT INTO LOTTO_BALL (NUMBER_ID, BALL_NUM1, BALL_NUM2, BALL_NUM3, BALL_NUM4, BALL_NUM5, BALL_NUM6, NUMBER_WEIGHT) VALUES (475, 1, 2, 3, 4, 20, 28, 0);
INSERT INTO LOTTO_BALL (NUMBER_ID, BALL_NUM1, BALL_NUM2, BALL_NUM3, BALL_NUM4, BALL_NUM5, BALL_NUM6, NUMBER_WEIGHT) VALUES (476, 1, 2, 3, 4, 19, 29, 0);
INSERT INTO LOTTO_BALL (NUMBER_ID, BALL_NUM1, BALL_NUM2, BALL_NUM3, BALL_NUM4, BALL_NUM5, BALL_NUM6, NUMBER_WEIGHT) VALUES (477, 1, 2, 3, 4, 17, 30, 0);
INSERT INTO LOTTO_BALL (NUMBER_ID, BALL_NUM1, BALL_NUM2, BALL_NUM3, BALL_NUM4, BALL_NUM5, BALL_NUM6, NUMBER_WEIGHT) VALUES (478, 1, 2, 3, 4, 19, 33, 0);
INSERT INTO LOTTO_BALL (NUMBER_ID, BALL_NUM1, BALL_NUM2, BALL_NUM3, BALL_NUM4, BALL_NUM5, BALL_NUM6, NUMBER_WEIGHT) VALUES (479, 1, 2, 3, 4, 17, 34, 0);
INSERT INTO LOTTO_BALL (NUMBER_ID, BALL_NUM1, BALL_NUM2, BALL_NUM3, BALL_NUM4, BALL_NUM5, BALL_NUM6, NUMBER_WEIGHT) VALUES (480, 1, 2, 3, 4, 20, 35, 0);
INSERT INTO LOTTO_BALL (NUMBER_ID, BALL_NUM1, BALL_NUM2, BALL_NUM3, BALL_NUM4, BALL_NUM5, BALL_NUM6, NUMBER_WEIGHT) VALUES (481, 1, 2, 3, 4, 19, 44, 0);
INSERT INTO LOTTO_BALL (NUMBER_ID, BALL_NUM1, BALL_NUM2, BALL_NUM3, BALL_NUM4, BALL_NUM5, BALL_NUM6, NUMBER_WEIGHT) VALUES (482, 1, 2, 3, 4, 19, 36, 0);
INSERT INTO LOTTO_BALL (NUMBER_ID, BALL_NUM1, BALL_NUM2, BALL_NUM3, BALL_NUM4, BALL_NUM5, BALL_NUM6, NUMBER_WEIGHT) VALUES (483, 1, 2, 3, 4, 20, 23, 0);
INSERT INTO LOTTO_BALL (NUMBER_ID, BALL_NUM1, BALL_NUM2, BALL_NUM3, BALL_NUM4, BALL_NUM5, BALL_NUM6, NUMBER_WEIGHT) VALUES (484, 1, 2, 3, 4, 20, 38, 0);
INSERT INTO LOTTO_BALL (NUMBER_ID, BALL_NUM1, BALL_NUM2, BALL_NUM3, BALL_NUM4, BALL_NUM5, BALL_NUM6, NUMBER_WEIGHT) VALUES (485, 1, 2, 3, 4, 20, 27, 0);
INSERT INTO LOTTO_BALL (NUMBER_ID, BALL_NUM1, BALL_NUM2, BALL_NUM3, BALL_NUM4, BALL_NUM5, BALL_NUM6, NUMBER_WEIGHT) VALUES (486, 1, 2, 3, 4, 17, 39, 0);
INSERT INTO LOTTO_BALL (NUMBER_ID, BALL_NUM1, BALL_NUM2, BALL_NUM3, BALL_NUM4, BALL_NUM5, BALL_NUM6, NUMBER_WEIGHT) VALUES (487, 1, 2, 3, 4, 20, 31, 0);
INSERT INTO LOTTO_BALL (NUMBER_ID, BALL_NUM1, BALL_NUM2, BALL_NUM3, BALL_NUM4, BALL_NUM5, BALL_NUM6, NUMBER_WEIGHT) VALUES (488, 1, 2, 3, 4, 19, 42, 0);
INSERT INTO LOTTO_BALL (NUMBER_ID, BALL_NUM1, BALL_NUM2, BALL_NUM3, BALL_NUM4, BALL_NUM5, BALL_NUM6, NUMBER_WEIGHT) VALUES (489, 1, 2, 3, 4, 20, 41, 0);
INSERT INTO LOTTO_BALL (NUMBER_ID, BALL_NUM1, BALL_NUM2, BALL_NUM3, BALL_NUM4, BALL_NUM5, BALL_NUM6, NUMBER_WEIGHT) VALUES (490, 1, 2, 3, 4, 20, 36, 0);
INSERT INTO LOTTO_BALL (NUMBER_ID, BALL_NUM1, BALL_NUM2, BALL_NUM3, BALL_NUM4, BALL_NUM5, BALL_NUM6, NUMBER_WEIGHT) VALUES (491, 1, 2, 3, 4, 21, 22, 0);
INSERT INTO LOTTO_BALL (NUMBER_ID, BALL_NUM1, BALL_NUM2, BALL_NUM3, BALL_NUM4, BALL_NUM5, BALL_NUM6, NUMBER_WEIGHT) VALUES (492, 1, 2, 3, 4, 20, 21, 0);
INSERT INTO LOTTO_BALL (NUMBER_ID, BALL_NUM1, BALL_NUM2, BALL_NUM3, BALL_NUM4, BALL_NUM5, BALL_NUM6, NUMBER_WEIGHT) VALUES (493, 1, 2, 3, 4, 17, 43, 0);
INSERT INTO LOTTO_BALL (NUMBER_ID, BALL_NUM1, BALL_NUM2, BALL_NUM3, BALL_NUM4, BALL_NUM5, BALL_NUM6, NUMBER_WEIGHT) VALUES (494, 1, 2, 3, 4, 20, 25, 0);
INSERT INTO LOTTO_BALL (NUMBER_ID, BALL_NUM1, BALL_NUM2, BALL_NUM3, BALL_NUM4, BALL_NUM5, BALL_NUM6, NUMBER_WEIGHT) VALUES (495, 1, 2, 3, 4, 21, 26, 0);
INSERT INTO LOTTO_BALL (NUMBER_ID, BALL_NUM1, BALL_NUM2, BALL_NUM3, BALL_NUM4, BALL_NUM5, BALL_NUM6, NUMBER_WEIGHT) VALUES (496, 1, 2, 3, 4, 20, 29, 0);
INSERT INTO LOTTO_BALL (NUMBER_ID, BALL_NUM1, BALL_NUM2, BALL_NUM3, BALL_NUM4, BALL_NUM5, BALL_NUM6, NUMBER_WEIGHT) VALUES (497, 1, 2, 3, 4, 18, 19, 0);
INSERT INTO LOTTO_BALL (NUMBER_ID, BALL_NUM1, BALL_NUM2, BALL_NUM3, BALL_NUM4, BALL_NUM5, BALL_NUM6, NUMBER_WEIGHT) VALUES (498, 1, 2, 3, 4, 21, 30, 0);
INSERT INTO LOTTO_BALL (NUMBER_ID, BALL_NUM1, BALL_NUM2, BALL_NUM3, BALL_NUM4, BALL_NUM5, BALL_NUM6, NUMBER_WEIGHT) VALUES (499, 1, 2, 3, 4, 20, 32, 0);
INSERT INTO LOTTO_BALL (NUMBER_ID, BALL_NUM1, BALL_NUM2, BALL_NUM3, BALL_NUM4, BALL_NUM5, BALL_NUM6, NUMBER_WEIGHT) VALUES (500, 1, 2, 3, 4, 21, 33, 0);

INSERT INTO LOTTO_BALL (NUMBER_ID, BALL_NUM1, BALL_NUM2, BALL_NUM3, BALL_NUM4, BALL_NUM5, BALL_NUM6, NUMBER_WEIGHT) VALUES (3967000, 3, 10, 31, 32, 39, 41, 0);
INSERT INTO LOTTO_BALL (NUMBER_ID, BALL_NUM1, BALL_NUM2, BALL_NUM3, BALL_NUM4, BALL_NUM5, BALL_NUM6, NUMBER_WEIGHT) VALUES (4284000, 4, 25, 31, 35, 39, 42, 0);
INSERT INTO LOTTO_BALL (NUMBER_ID, BALL_NUM1, BALL_NUM2, BALL_NUM3, BALL_NUM4, BALL_NUM5, BALL_NUM6, NUMBER_WEIGHT) VALUES (4299000, 7, 26, 31, 33, 39, 42, 0);
INSERT INTO LOTTO_BALL (NUMBER_ID, BALL_NUM1, BALL_NUM2, BALL_NUM3, BALL_NUM4, BALL_NUM5, BALL_NUM6, NUMBER_WEIGHT) VALUES (4149001, 14, 15, 31, 38, 39, 43, 0);
INSERT INTO LOTTO_BALL (NUMBER_ID, BALL_NUM1, BALL_NUM2, BALL_NUM3, BALL_NUM4, BALL_NUM5, BALL_NUM6, NUMBER_WEIGHT) VALUES (4294001, 23, 30, 31, 34, 39, 45, 0);
INSERT INTO LOTTO_BALL (NUMBER_ID, BALL_NUM1, BALL_NUM2, BALL_NUM3, BALL_NUM4, BALL_NUM5, BALL_NUM6, NUMBER_WEIGHT) VALUES (3967002, 5, 10, 31, 32, 39, 42, 0);
INSERT INTO LOTTO_BALL (NUMBER_ID, BALL_NUM1, BALL_NUM2, BALL_NUM3, BALL_NUM4, BALL_NUM5, BALL_NUM6, NUMBER_WEIGHT) VALUES (4277002, 5, 24, 31, 34, 39, 43, 0);
INSERT INTO LOTTO_BALL (NUMBER_ID, BALL_NUM1, BALL_NUM2, BALL_NUM3, BALL_NUM4, BALL_NUM5, BALL_NUM6, NUMBER_WEIGHT) VALUES (4284003, 5, 25, 31, 35, 39, 43, 0);
INSERT INTO LOTTO_BALL (NUMBER_ID, BALL_NUM1, BALL_NUM2, BALL_NUM3, BALL_NUM4, BALL_NUM5, BALL_NUM6, NUMBER_WEIGHT) VALUES (4321004, 11, 28, 31, 34, 39, 44, 0);
INSERT INTO LOTTO_BALL (NUMBER_ID, BALL_NUM1, BALL_NUM2, BALL_NUM3, BALL_NUM4, BALL_NUM5, BALL_NUM6, NUMBER_WEIGHT) VALUES (3967005, 9, 10, 31, 32, 39, 43, 0);
INSERT INTO LOTTO_BALL (NUMBER_ID, BALL_NUM1, BALL_NUM2, BALL_NUM3, BALL_NUM4, BALL_NUM5, BALL_NUM6, NUMBER_WEIGHT) VALUES (4277005, 15, 24, 31, 34, 39, 44, 0);
INSERT INTO LOTTO_BALL (NUMBER_ID, BALL_NUM1, BALL_NUM2, BALL_NUM3, BALL_NUM4, BALL_NUM5, BALL_NUM6, NUMBER_WEIGHT) VALUES (4299005, 1, 26, 31, 33, 39, 43, 0);

COMMIT;


CREATE TABLE TMP (
                     ID INT PRIMARY KEY,
                     TARGET VARCHAR(100) DEFAULT NULL
);
CREATE INDEX IDX_TMP ON TMP (TARGET);

INSERT INTO TMP (ID, TARGET) VALUES ( 3967000 , 'dlckd125@nate.com' );
INSERT INTO TMP (ID, TARGET) VALUES ( 4284000 , 'dlckd125@nate.com' );
INSERT INTO TMP (ID, TARGET) VALUES ( 4299000 , 'dlckd125@nate.com' );
INSERT INTO TMP (ID, TARGET) VALUES ( 4294001 , 'dlckd125@nate.com' );
INSERT INTO TMP (ID, TARGET) VALUES ( 4299005 , 'dlckd125@nate.com' );

COMMIT;